Placed,Settled,Description,Type,Odds,Stake (£),Liability (£),Profit/Loss,Status
04-Jun-26 21:29:02,04-Jun-26 22:09:52,France v Ivory Coast Under 3.5 Goals-Over/Under 3.5 Goals | Betfair Bet ID 1:431462573371,Lay,1.30,100.00, 30.00 , -30.01 ,Lost
04-Jun-26 21:29:12,04-Jun-26 22:09:52,France v Ivory Coast Under 3.5 Goals-Over/Under 3.5 Goals | Betfair Bet ID 1:431462581340,Lay,1.20,100.00, 20.00 , -20.00 ,Lost
04-Jun-26 21:57:45,04-Jun-26 22:09:52,France v Ivory Coast Under 3.5 Goals-Over/Under 3.5 Goals | Betfair Bet ID 1:431463805467,Back,1.62,155.27, -- , 96.26 ,Won
04-Jun-26 21:57:54,04-Jun-26 22:09:52,France v Ivory Coast Under 3.5 Goals-Over/Under 3.5 Goals | Betfair Bet ID 1:431463809164,Lay,1.63,0.94, 0.59 , -0.59 ,Lost
04-Jun-26 21:29:26,04-Jun-26 21:58:53,France v Ivory Coast Under 2.5 Goals-Over/Under 2.5 Goals | Betfair Bet ID 1:431462591232,Lay,1.80,62.50, 50.00 , 62.50 ,Won
04-Jun-26 21:17:55,04-Jun-26 21:56:02,Spain v Iraq Under 2.5 Goals-Over/Under 2.5 Goals | Betfair Bet ID 1:431461906265,Lay,1.80,63.40, 50.72 , -50.72 ,Lost
04-Jun-26 21:02:29,04-Jun-26 21:56:01,Spain v Iraq Under 3.5 Goals-Over/Under 3.5 Goals | Betfair Bet ID 1:431461087150,Lay,1.98,51.02, 50.00 , -50.01 ,Lost
03-Jun-26 20:52:58,03-Jun-26 21:33:52,Netherlands v Algeria Over 0.5 Goals-Over/Under 0.5 Goals | Betfair Bet ID 1:431384842053,Back,1.27,100.00, -- , 27.00 ,Won
01-Jun-26 21:35:19,01-Jun-26 22:06:19,Throttur v Grindavik Under 2.5 Goals-Over/Under 2.5 Goals | Betfair Bet ID 1:431243842526,Lay,1.50,50.00, 25.00 , -25.01 ,Lost
01-Jun-26 21:42:31,01-Jun-26 22:06:19,Throttur v Grindavik Under 2.5 Goals-Over/Under 2.5 Goals | Betfair Bet ID 1:431244156350,Back,2.76,27.57, -- , 48.43 ,Won
01-Jun-26 21:42:39,01-Jun-26 22:06:19,Throttur v Grindavik Over 2.5 Goals-Over/Under 2.5 Goals | Betfair Bet ID 1:431244162516,Back,1.54,0.64, -- , -0.64 ,Lost
01-Jun-26 18:15:49,01-Jun-26 18:18:54,Brann II v Askoy FK Over 5.5 Goals-Over/Under 5.5 Goals | Betfair Bet ID 1:431225018586,Back,1.25,122.04, -- , 30.51 ,Won
31-May-26 23:57:09,01-Jun-26 00:17:43,Brazil v Panama Under 7.5 Goals-Over/Under 7.5 Goals | Betfair Bet ID 1:431173008697,Lay,1.40,102.04, 40.82 , 102.04 ,Won
01-Jun-26 00:14:45,01-Jun-26 00:17:43,Brazil v Panama Over 7.5 Goals-Over/Under 7.5 Goals | Betfair Bet ID 1:431173689079,Lay,2.40,40.82, 57.15 , -57.15 ,Lost
01-Jun-26 00:15:06,01-Jun-26 00:17:43,Brazil v Panama Under 7.5 Goals-Over/Under 7.5 Goals | Betfair Bet ID 1:431173703580,Back,1.73,26.25, -- , -26.25 ,Lost
01-Jun-26 00:16:09,01-Jun-26 00:17:43,Brazil v Panama Under 7.5 Goals-Over/Under 7.5 Goals | Betfair Bet ID 1:431173745802,Lay,1.70,0.29, 0.20 , 0.29 ,Won
31-May-26 23:58:19,01-Jun-26 00:15:32,Brazil v Panama Under 6.5 Goals-Over/Under 6.5 Goals | Betfair Bet ID 1:431173053941,Lay,2.00,2.41, 2.41 , 2.41 ,Won
31-May-26 22:36:23,31-May-26 23:03:51,CD Los Chankas v UTC Cajamarca Over 2.5 Goals-Over/Under 2.5 Goals | Betfair Bet ID 1:431168961331,Back,1.60,63.68, -- , 38.21 ,Won
31-May-26 22:02:43,31-May-26 22:33:41,Deportes Colina v CD Trasandino Under 3.5 Goals-Over/Under 3.5 Goals | Betfair Bet ID 1:431166924761,Lay,1.40,50.00, 20.00 , -20.00 ,Lost
31-May-26 22:02:56,31-May-26 22:24:29,Deportes Colina v CD Trasandino Under 2.5 Goals-Over/Under 2.5 Goals | Betfair Bet ID 1:431166939534,Lay,2.00,32.16, 32.16 , 32.16 ,Won
31-May-26 21:20:35,31-May-26 21:58:06,Vasco da Gama v Atletico MG Under 2.5 Goals-Over/Under 2.5 Goals | Betfair Bet ID 1:431162836657,Lay,1.30,100.00, 30.00 , -30.00 ,Lost
31-May-26 21:20:38,31-May-26 21:58:06,Vasco da Gama v Atletico MG Under 2.5 Goals-Over/Under 2.5 Goals | Betfair Bet ID 1:431162844485,Lay,1.20,100.00, 20.00 , -20.00 ,Lost
31-May-26 21:20:52,31-May-26 21:58:06,Vasco da Gama v Atletico MG Under 1.5 Goals-Over/Under 1.5 Goals | Betfair Bet ID 1:431162870152,Lay,1.80,62.50, 50.00 , -50.00 ,Lost
31-May-26 14:47:57,31-May-26 15:21:42,Umea FC v IFK Stocksund Under 2.5 Goals-Over/Under 2.5 Goals | Betfair Bet ID 1:431107277034,Lay,1.49,102.04, 50.00 , 102.04 ,Won
31-May-26 15:03:00,31-May-26 15:21:42,Umea FC v IFK Stocksund Under 2.5 Goals-Over/Under 2.5 Goals | Betfair Bet ID 1:431109065767,Back,2.08,59.65, -- , -59.65 ,Lost
31-May-26 15:03:00,31-May-26 15:21:42,Umea FC v IFK Stocksund Under 2.5 Goals-Over/Under 2.5 Goals | Betfair Bet ID 1:431109065768,Back,2.08,13.57, -- , -13.57 ,Lost
31-May-26 15:04:39,31-May-26 15:21:42,Umea FC v IFK Stocksund Under 2.5 Goals-Over/Under 2.5 Goals | Betfair Bet ID 1:431109364591,Back,2.24,28.00, -- , -28.00 ,Lost
31-May-26 15:05:21,31-May-26 15:21:42,Umea FC v IFK Stocksund Under 2.5 Goals-Over/Under 2.5 Goals | Betfair Bet ID 1:431109490412,Lay,2.00,31.50, 31.50 , 31.50 ,Won
31-May-26 15:08:50,31-May-26 15:21:42,Umea FC v IFK Stocksund Under 2.5 Goals-Over/Under 2.5 Goals | Betfair Bet ID 1:431110105784,Lay,1.88,0.14, 0.12 , 0.14 ,Won
30-May-26 16:18:57,30-May-26 16:46:58,Ariana FC v Laholms Under 5.5 Goals-Over/Under 5.5 Goals | Betfair Bet ID 1:431009002831,Lay,1.49,102.04, 50.00 , 102.04 ,Won
30-May-26 16:35:14,30-May-26 16:46:58,Ariana FC v Laholms Over 5.5 Goals-Over/Under 5.5 Goals | Betfair Bet ID 1:431011457311,Lay,2.10,50.00, 55.00 , -55.00 ,Lost
30-May-26 16:36:05,30-May-26 16:46:58,Ariana FC v Laholms Under 5.5 Goals-Over/Under 5.5 Goals | Betfair Bet ID 1:431011595448,Back,1.79,26.27, -- , -26.27 ,Lost
30-May-26 15:17:46,30-May-26 15:39:47,GAIS v Kalmar FF Under 1.5 Goals-Over/Under 1.5 Goals | Betfair Bet ID 1:430999132657,Lay,2.96,51.02, 100.00 , 51.02 ,Won
29-May-26 20:57:16,29-May-26 21:07:59,Nice v St Etienne Over 0.5 Goals-Over/Under 0.5 Goals | Betfair Bet ID 1:430922516320,Back,1.52,99.99, -- , 51.99 ,Won
29-May-26 19:19:37,29-May-26 19:55:39,SK Super Nova v Rigas Futbola Skola Under 3.5 Goals-Over/Under 3.5 Goals | Betfair Bet ID 1:430908505532,Lay,1.49,102.04, 50.00 , -50.01 ,Lost
29-May-26 17:24:56,29-May-26 17:54:38,FK Riga v SC Grobina Under 2.5 Goals-Over/Under 2.5 Goals | Betfair Bet ID 1:430888972643,Lay,1.30,100.00, 30.00 , -30.00 ,Lost
29-May-26 17:25:08,29-May-26 17:54:38,FK Riga v SC Grobina Under 2.5 Goals-Over/Under 2.5 Goals | Betfair Bet ID 1:430889004733,Lay,1.20,100.00, 20.00 , -20.00 ,Lost
29-May-26 17:25:21,29-May-26 17:51:52,FK Riga v SC Grobina Under 1.5 Goals-Over/Under 1.5 Goals | Betfair Bet ID 1:430889036071,Lay,1.49,102.04, 50.00 , 102.04 ,Won
23-May-26 23:41:55,24-May-26 00:28:48,Nacional (Uru) v Albion FC Under 1.5 Goals-Over/Under 1.5 Goals | Betfair Bet ID 1:430360178391,Lay,1.49,102.04, 50.00 , -50.00 ,Lost
24-May-26 00:01:27,24-May-26 00:28:48,Nacional (Uru) v Albion FC Over 1.5 Goals-Over/Under 1.5 Goals | Betfair Bet ID 1:430361140799,Lay,2.00,50.00, 50.00 , 50.00 ,Won
23-May-26 22:19:21,23-May-26 23:03:34,EC Vitoria Salvador v Internacional Under 2.5 Goals-Over/Under 2.5 Goals | Betfair Bet ID 1:430355232546,Lay,1.40,100.00, 40.00 , -40.00 ,Lost
23-May-26 22:19:26,23-May-26 23:03:34,EC Vitoria Salvador v Internacional Under 2.5 Goals-Over/Under 2.5 Goals | Betfair Bet ID 1:430355238107,Lay,1.10,100.00, 10.00 , -10.00 ,Lost
23-May-26 22:20:15,23-May-26 23:03:34,EC Vitoria Salvador v Internacional Under 1.5 Goals-Over/Under 1.5 Goals | Betfair Bet ID 1:430355289682,Lay,1.98,51.02, 50.00 , 51.02 ,Won
23-May-26 22:21:08,23-May-26 23:02:40,Sao Paulo v Botafogo FR Under 2.5 Goals-Over/Under 2.5 Goals | Betfair Bet ID 1:430355333927,Lay,1.49,102.04, 50.00 , -49.99 ,Lost
23-May-26 22:21:15,23-May-26 22:56:49,Sao Paulo v Botafogo FR Under 1.5 Goals-Over/Under 1.5 Goals | Betfair Bet ID 1:430355340333,Lay,1.98,51.02, 50.00 , 51.02 ,Won
21-May-26 18:00:58,21-May-26 19:40:35,Ajax v FC Groningen Ajax-Match Odds | Betfair Bet ID 1:430075525751,Back,1.93,100.35, -- , 93.33 ,Won
21-May-26 19:16:21,21-May-26 19:40:35,Ajax v FC Groningen Ajax-Match Odds | Betfair Bet ID 1:430084984378,Lay,1.04,184.45, 7.38 , -7.38 ,Lost
21-May-26 19:16:35,21-May-26 19:40:35,Ajax v FC Groningen Ajax-Match Odds | Betfair Bet ID 1:430085017853,Lay,1.04,1.76, 0.07 , -0.07 ,Lost
18-May-26 22:06:20,18-May-26 22:57:17,Envigado v Quindio Under 1.5 Goals-Over/Under 1.5 Goals | Betfair Bet ID 1:429829865474,Lay,1.40,100.00, 40.00 , -40.00 ,Lost
18-May-26 22:22:13,18-May-26 22:57:17,Envigado v Quindio Under 1.5 Goals-Over/Under 1.5 Goals | Betfair Bet ID 1:429830257355,Back,2.38,58.82, -- , 81.17 ,Won
18-May-26 22:23:39,18-May-26 22:57:16,Envigado v Quindio Under 2.5 Goals-Over/Under 2.5 Goals | Betfair Bet ID 1:429830294474,Lay,1.20,100.00, 20.00 , -20.00 ,Lost
18-May-26 22:23:47,18-May-26 22:57:16,Envigado v Quindio Under 2.5 Goals-Over/Under 2.5 Goals | Betfair Bet ID 1:429830297396,Lay,1.10,200.00, 20.00 , -20.00 ,Lost
18-May-26 21:23:10,18-May-26 21:58:21,Arsenal v Burnley Under 1.5 Goals-Over/Under 1.5 Goals | Betfair Bet ID 1:429828067622,Lay,2.00,57.57, 57.57 , -57.57 ,Lost
18-May-26 21:22:56,18-May-26 21:58:16,Arsenal v Burnley Under 2.5 Goals-Over/Under 2.5 Goals | Betfair Bet ID 1:429828053729,Lay,1.47,102.04, 47.96 , -47.96 ,Lost
17-May-26 23:28:15,18-May-26 01:10:59,Inter Miami CF v Portland Timbers Inter Miami CF-Match Odds | Betfair Bet ID 1:429739955170,Back,1.52,17.10, -- , 8.89 ,Won
17-May-26 23:44:52,18-May-26 01:10:59,Inter Miami CF v Portland Timbers Inter Miami CF-Match Odds | Betfair Bet ID 1:429741063598,Lay,1.16,22.21, 3.55 , -3.55 ,Lost
17-May-26 23:44:59,18-May-26 01:10:59,Inter Miami CF v Portland Timbers Inter Miami CF-Match Odds | Betfair Bet ID 1:429741071702,Lay,1.16,0.19, 0.03 , -0.03 ,Lost
17-May-26 23:58:56,18-May-26 00:39:41,Red Bull Bragantino v EC Vitoria Salvador Under 2.5 Goals-Over/Under 2.5 Goals | Betfair Bet ID 1:429741932987,Lay,1.30,100.00, 30.00 , -30.00 ,Lost
17-May-26 23:59:08,18-May-26 00:39:41,Red Bull Bragantino v EC Vitoria Salvador Under 2.5 Goals-Over/Under 2.5 Goals | Betfair Bet ID 1:429741942548,Lay,1.20,100.00, 20.00 , -20.00 ,Lost
17-May-26 23:59:25,18-May-26 00:38:36,Red Bull Bragantino v EC Vitoria Salvador Under 1.5 Goals-Over/Under 1.5 Goals | Betfair Bet ID 1:429741961399,Lay,1.49,102.04, 50.00 , 102.04 ,Won
17-May-26 21:57:15,17-May-26 22:15:16,Zaragoza v Sporting Gijon Sporting Gijon-Match Odds | Betfair Bet ID 1:429732713424,Back,1.40,50.00, -- , 19.99 ,Won
17-May-26 21:57:39,17-May-26 22:15:16,Zaragoza v Sporting Gijon Sporting Gijon-Match Odds | Betfair Bet ID 1:429732744104,Lay,1.39,50.00, 19.50 , -19.50 ,Lost
17-May-26 21:57:44,17-May-26 22:15:16,Zaragoza v Sporting Gijon Sporting Gijon-Match Odds | Betfair Bet ID 1:429732749449,Lay,1.39,0.35, 0.14 , -0.14 ,Lost
17-May-26 21:07:33,17-May-26 21:53:42,Lille v Auxerre Under 2.5 Goals-Over/Under 2.5 Goals | Betfair Bet ID 1:429726403870,Lay,1.49,102.04, 50.00 , -50.01 ,Lost
17-May-26 21:07:46,17-May-26 21:49:00,Lille v Auxerre Under 1.5 Goals-Over/Under 1.5 Goals | Betfair Bet ID 1:429726433146,Lay,1.98,51.02, 50.00 , 51.02 ,Won
17-May-26 21:24:56,17-May-26 21:46:39,Barcelona v Betis Under 2.5 Goals-Over/Under 2.5 Goals | Betfair Bet ID 1:429728830316,Lay,1.98,51.02, 50.00 , 51.02 ,Won
17-May-26 20:31:30,17-May-26 21:04:30,KR Reykjavik v Fram Under 3.5 Goals-Over/Under 3.5 Goals | Betfair Bet ID 1:429722040556,Lay,1.49,102.04, 50.00 , 102.04 ,Won
17-May-26 20:36:23,17-May-26 20:58:27,KR Reykjavik v Fram Under 2.5 Goals-Over/Under 2.5 Goals | Betfair Bet ID 1:429722716350,Lay,1.98,51.02, 50.00 , 51.02 ,Won
17-May-26 19:59:29,17-May-26 20:19:22,Keflavik v Stjarnan Over 2.5 Goals-Over/Under 2.5 Goals | Betfair Bet ID 1:429717467050,Back,2.04,50.22, -- , -50.22 ,Lost
17-May-26 19:17:23,17-May-26 19:55:01,Sevilla v Real Madrid Under 2.5 Goals-Over/Under 2.5 Goals | Betfair Bet ID 1:429709844921,Lay,1.48,102.04, 48.98 , -48.98 ,Lost
17-May-26 19:18:13,17-May-26 19:54:59,Sevilla v Real Madrid Under 1.5 Goals-Over/Under 1.5 Goals | Betfair Bet ID 1:429710019337,Lay,1.98,51.02, 50.00 , -50.00 ,Lost
17-May-26 17:13:45,17-May-26 17:29:56,Hradec Kralove v Slavia Prague Under 2.5 Goals-Over/Under 2.5 Goals | Betfair Bet ID 1:429687194008,Lay,1.49,102.04, 50.00 , 102.04 ,Won
17-May-26 17:20:02,17-May-26 17:29:56,Hradec Kralove v Slavia Prague Over 2.5 Goals-Over/Under 2.5 Goals | Betfair Bet ID 1:429688414194,Lay,1.50,3.88, 1.94 , -1.94 ,Lost
17-May-26 17:20:19,17-May-26 17:29:56,Hradec Kralove v Slavia Prague Over 2.5 Goals-Over/Under 2.5 Goals | Betfair Bet ID 1:429688468653,Lay,1.54,46.12, 24.90 , -24.90 ,Lost
17-May-26 17:20:34,17-May-26 17:29:56,Hradec Kralove v Slavia Prague Under 2.5 Goals-Over/Under 2.5 Goals | Betfair Bet ID 1:429688514714,Back,2.80,26.85, -- , -26.85 ,Lost
17-May-26 17:20:44,17-May-26 17:29:56,Hradec Kralove v Slavia Prague Over 2.5 Goals-Over/Under 2.5 Goals | Betfair Bet ID 1:429688542147,Lay,1.56,0.01, 0.01 , -0.01 ,Lost
17-May-26 15:26:33,17-May-26 16:01:20,Inter v Verona Under 2.5 Goals-Over/Under 2.5 Goals | Betfair Bet ID 1:429665066066,Lay,1.48,102.04, 48.98 , -48.98 ,Lost
17-May-26 15:27:17,17-May-26 16:01:19,Inter v Verona Under 3.5 Goals-Over/Under 3.5 Goals | Betfair Bet ID 1:429665220279,Lay,1.08,100.00, 8.00 , -8.00 ,Lost
17-May-26 15:26:55,17-May-26 15:57:58,Inter v Verona Under 1.5 Goals-Over/Under 1.5 Goals | Betfair Bet ID 1:429665147262,Lay,1.98,51.02, 50.00 , 51.02 ,Won
17-May-26 15:02:14,17-May-26 15:26:27,Heerenveen v Ajax Under 0.5 Goals-Over/Under 0.5 Goals | Betfair Bet ID 1:429659125347,Lay,2.00,53.07, 53.07 , -53.07 ,Lost
17-May-26 15:02:01,17-May-26 15:26:23,Heerenveen v Ajax Under 1.5 Goals-Over/Under 1.5 Goals | Betfair Bet ID 1:429659071946,Lay,1.46,102.04, 46.94 , -46.94 ,Lost
17-May-26 14:50:56,17-May-26 15:17:21,Red Bull Salzburg v Hartberg Over 3.5 Goals-Over/Under 3.5 Goals | Betfair Bet ID 1:429656622957,Back,2.20,50.00, -- , 60.01 ,Won
17-May-26 14:10:42,17-May-26 14:51:40,Hammarby v Malmo FF Under 5.5 Goals-Over/Under 5.5 Goals | Betfair Bet ID 1:429647653730,Lay,1.98,51.02, 50.00 , -49.99 ,Lost
16-May-26 23:40:29,17-May-26 00:28:32,OHiggins v Univ de Concepcion Over 1.5 Goals-Over/Under 1.5 Goals | Betfair Bet ID 1:429573316458,Back,1.52,50.00, -- , -50.00 ,Lost
16-May-26 23:40:15,17-May-26 00:28:29,OHiggins v Univ de Concepcion Under 2.5 Goals-Over/Under 2.5 Goals | Betfair Bet ID 1:429573300161,Lay,1.49,51.02, 25.00 , -25.00 ,Lost
16-May-26 21:48:24,16-May-26 22:30:20,Sporting Lisbon v Gil Vicente Under 3.5 Goals-Over/Under 3.5 Goals | Betfair Bet ID 1:429564951855,Lay,1.98,51.02, 50.00 , -50.00 ,Lost
16-May-26 21:48:40,16-May-26 22:29:16,Sporting Lisbon v Gil Vicente Under 2.5 Goals-Over/Under 2.5 Goals | Betfair Bet ID 1:429564980252,Lay,1.98,51.02, 50.00 , 51.02 ,Won
16-May-26 20:17:36,16-May-26 20:58:36,Valerenga v Sarpsborg Under 5.5 Goals-Over/Under 5.5 Goals | Betfair Bet ID 1:429551854809,Lay,1.48,102.04, 48.98 , -48.98 ,Lost
16-May-26 20:22:48,16-May-26 20:50:50,Valerenga v Sarpsborg Under 4.5 Goals-Over/Under 4.5 Goals | Betfair Bet ID 1:429552820620,Lay,1.98,51.02, 50.00 , 51.02 ,Won
16-May-26 19:08:45,16-May-26 20:40:55,Al Nassr v G-Osaka Al Nassr-Match Odds | Betfair Bet ID 1:429539317838,Back,1.52,100.00, -- , -100.00 ,Lost
16-May-26 19:32:37,16-May-26 19:57:40,Braga v Club Football Estrela Over 2.5 Goals-Over/Under 2.5 Goals | Betfair Bet ID 1:429543747310,Back,1.58,100.00, -- , 58.00 ,Won
16-May-26 18:09:51,16-May-26 18:44:40,FK Riga v FK Jelgava Under 3.5 Goals-Over/Under 3.5 Goals | Betfair Bet ID 1:429528207352,Lay,1.98,51.02, 50.00 , 51.02 ,Won
16-May-26 18:09:43,16-May-26 18:30:13,Bodo Glimt v Tromso Under 2.5 Goals-Over/Under 2.5 Goals | Betfair Bet ID 1:429528179416,Lay,1.98,51.02, 50.00 , 51.02 ,Won
16-May-26 17:39:15,16-May-26 17:59:46,Slovan Bratislava v Zemplin Over 3.5 Goals-Over/Under 3.5 Goals | Betfair Bet ID 1:429521685243,Back,3.07,50.69, -- , -50.69 ,Lost
16-May-26 16:57:14,16-May-26 17:30:50,Porto v Santa Clara Over 1.5 Goals-Over/Under 1.5 Goals | Betfair Bet ID 1:429511890321,Back,3.05,50.54, -- , -50.54 ,Lost
16-May-26 17:03:58,16-May-26 17:30:50,Porto v Santa Clara Over 1.5 Goals-Over/Under 1.5 Goals | Betfair Bet ID 1:429513339945,Lay,1.63,32.08, 20.21 , 32.08 ,Won
16-May-26 17:04:53,16-May-26 17:30:50,Porto v Santa Clara Under 1.5 Goals-Over/Under 1.5 Goals | Betfair Bet ID 1:429513544838,Back,2.30,44.67, -- , 58.07 ,Won
16-May-26 17:05:04,16-May-26 17:30:50,Porto v Santa Clara Under 1.5 Goals-Over/Under 1.5 Goals | Betfair Bet ID 1:429513593747,Lay,2.22,0.38, 0.46 , -0.46 ,Lost
16-May-26 17:05:37,16-May-26 17:30:50,Porto v Santa Clara Over 1.5 Goals-Over/Under 1.5 Goals | Betfair Bet ID 1:429513723587,Back,2.10,39.00, -- , -39.00 ,Lost
16-May-26 16:26:38,16-May-26 16:57:34,Molde v Kristiansund Under 2.5 Goals-Over/Under 2.5 Goals | Betfair Bet ID 1:429504606036,Lay,1.40,100.00, 40.00 , -40.00 ,Lost
16-May-26 16:26:46,16-May-26 16:57:34,Molde v Kristiansund Under 2.5 Goals-Over/Under 2.5 Goals | Betfair Bet ID 1:429504635060,Lay,1.18,100.00, 18.00 , -18.00 ,Lost
16-May-26 16:34:06,16-May-26 16:57:31,Molde v Kristiansund Under 1.5 Goals-Over/Under 1.5 Goals | Betfair Bet ID 1:429506491132,Lay,1.98,51.02, 50.00 , -50.00 ,Lost
16-May-26 16:06:52,16-May-26 16:28:55,Bayern Munich v FC Koln Under 7.5 Goals-Over/Under 7.5 Goals | Betfair Bet ID 1:429499476074,Lay,1.03,115.00, 3.45 , -3.45 ,Lost
16-May-26 16:18:32,16-May-26 16:28:55,Bayern Munich v FC Koln Over 7.5 Goals-Over/Under 7.5 Goals | Betfair Bet ID 1:429502530190,Lay,9.20,3.45, 28.29 , 3.45 ,Won
16-May-26 15:43:48,16-May-26 16:17:40,Bayern Munich v FC Koln Over 5.5 Goals-Over/Under 5.5 Goals | Betfair Bet ID 1:429494235222,Back,1.53,38.46, -- , 20.38 ,Won
16-May-26 16:04:02,16-May-26 16:17:40,Bayern Munich v FC Koln Under 5.5 Goals-Over/Under 5.5 Goals | Betfair Bet ID 1:429498732743,Back,3.50,16.81, -- , -16.81 ,Lost
16-May-26 16:05:23,16-May-26 16:17:40,Bayern Munich v FC Koln Over 5.5 Goals-Over/Under 5.5 Goals | Betfair Bet ID 1:429499085571,Back,1.44,38.46, -- , 16.92 ,Won
15-May-26 21:27:18,15-May-26 21:49:18,Aston Villa v Liverpool Under 4.5 Goals-Over/Under 4.5 Goals | Betfair Bet ID 1:429387823727,Lay,1.30,100.00, 30.00 , 100.00 ,Won
15-May-26 21:37:41,15-May-26 21:49:18,Aston Villa v Liverpool Under 4.5 Goals-Over/Under 4.5 Goals | Betfair Bet ID 1:429388862250,Back,2.14,60.74, -- , -60.74 ,Lost
15-May-26 21:37:49,15-May-26 21:49:18,Aston Villa v Liverpool Over 4.5 Goals-Over/Under 4.5 Goals | Betfair Bet ID 1:429388876121,Lay,1.86,0.01, 0.01 , -0.01 ,Lost
14-May-26 21:22:39,14-May-26 22:22:12,Real Madrid v Oviedo Under 2.5 Goals-Over/Under 2.5 Goals | Betfair Bet ID 1:429268400816,Lay,1.98,51.02, 50.00 , -50.00 ,Lost
14-May-26 21:22:51,14-May-26 22:11:37,Real Madrid v Oviedo Under 1.5 Goals-Over/Under 1.5 Goals | Betfair Bet ID 1:429268413180,Lay,2.96,51.02, 100.00 , 51.02 ,Won
14-May-26 20:14:12,14-May-26 21:00:03,Al-Quadisiya (KSA) v Al-Hazm (KSA) Under 2.5 Goals-Over/Under 2.5 Goals | Betfair Bet ID 1:429263179050,Lay,2.00,30.58, 30.58 , -30.58 ,Lost
14-May-26 20:14:25,14-May-26 20:50:42,Al-Quadisiya (KSA) v Al-Hazm (KSA) Under 1.5 Goals-Over/Under 1.5 Goals | Betfair Bet ID 1:429263205556,Lay,2.96,51.02, 100.00 , 51.02 ,Won
13-May-26 21:55:02,13-May-26 22:22:13,Alaves v Barcelona Under 1.5 Goals-Over/Under 1.5 Goals | Betfair Bet ID 1:429158487086,Lay,1.98,51.02, 50.00 , -50.00 ,Lost
13-May-26 21:54:31,13-May-26 22:22:06,Alaves v Barcelona Under 2.5 Goals-Over/Under 2.5 Goals | Betfair Bet ID 1:429158461556,Lay,1.30,100.00, 30.00 , -30.00 ,Lost
13-May-26 21:54:44,13-May-26 22:22:06,Alaves v Barcelona Under 2.5 Goals-Over/Under 2.5 Goals | Betfair Bet ID 1:429158472641,Lay,1.20,100.00, 20.00 , -20.00 ,Lost
13-May-26 21:38:30,13-May-26 22:03:15,Rangers v Hibernian Under 3.5 Goals-Over/Under 3.5 Goals | Betfair Bet ID 1:429157312701,Lay,1.10,100.00, 10.00 , -10.00 ,Lost
13-May-26 21:38:40,13-May-26 21:50:30,Rangers v Hibernian Under 2.5 Goals-Over/Under 2.5 Goals | Betfair Bet ID 1:429157326533,Lay,1.50,20.00, 10.00 , 20.00 ,Won
13-May-26 21:02:16,13-May-26 21:38:26,Crvena Zvezda v Vojvodina Under 4.5 Goals-Over/Under 4.5 Goals | Betfair Bet ID 1:429153814202,Lay,1.50,50.00, 25.00 , -25.00 ,Lost
13-May-26 21:02:27,13-May-26 21:38:26,Crvena Zvezda v Vojvodina Under 4.5 Goals-Over/Under 4.5 Goals | Betfair Bet ID 1:429153835115,Lay,1.25,100.00, 25.00 , -25.00 ,Lost
13-May-26 21:02:44,13-May-26 21:35:15,Crvena Zvezda v Vojvodina Under 3.5 Goals-Over/Under 3.5 Goals | Betfair Bet ID 1:429153861628,Lay,1.80,62.50, 50.00 , 62.50 ,Won
13-May-26 19:44:52,13-May-26 20:13:18,Ludogorets v PFC Levski Sofia Under 2.5 Goals-Over/Under 2.5 Goals | Betfair Bet ID 1:429142333056,Lay,1.20,100.00, 20.00 , -19.98 ,Lost
13-May-26 19:45:11,13-May-26 20:13:18,Ludogorets v PFC Levski Sofia Under 2.5 Goals-Over/Under 2.5 Goals | Betfair Bet ID 1:429142397187,Lay,1.10,40.16, 4.02 , -4.02 ,Lost
13-May-26 19:58:15,13-May-26 20:13:18,Ludogorets v PFC Levski Sofia Under 2.5 Goals-Over/Under 2.5 Goals | Betfair Bet ID 1:429144365348,Back,1.61,102.61, -- , 62.64 ,Won
13-May-26 19:58:43,13-May-26 20:13:18,Ludogorets v PFC Levski Sofia Over 2.5 Goals-Over/Under 2.5 Goals | Betfair Bet ID 1:429144418721,Back,2.70,0.40, -- , -0.40 ,Lost
13-May-26 19:22:47,13-May-26 19:55:58,Villarreal v Sevilla Under 5.5 Goals-Over/Under 5.5 Goals | Betfair Bet ID 1:429137944286,Lay,1.30,100.00, 30.00 , -30.01 ,Lost
13-May-26 19:22:51,13-May-26 19:55:58,Villarreal v Sevilla Under 5.5 Goals-Over/Under 5.5 Goals | Betfair Bet ID 1:429137957147,Lay,1.20,100.00, 20.00 , -20.00 ,Lost
13-May-26 19:31:45,13-May-26 19:55:58,Villarreal v Sevilla Under 5.5 Goals-Over/Under 5.5 Goals | Betfair Bet ID 1:429139700557,Back,1.98,126.90, -- , 124.36 ,Won
13-May-26 19:32:18,13-May-26 19:55:58,Villarreal v Sevilla Under 5.5 Goals-Over/Under 5.5 Goals | Betfair Bet ID 1:429139799413,Lay,2.04,0.61, 0.63 , -0.63 ,Lost
02-May-26 23:56:53,03-May-26 00:32:22,LDU v Guayaquil City Over 1.5 Goals-Over/Under 1.5 Goals | Betfair Bet ID 1:427802176757,Back,1.52,50.00, -- , -50.00 ,Lost
02-May-26 21:41:01,02-May-26 22:31:29,Porto v Alverca Over 2.5 Goals-Over/Under 2.5 Goals | Betfair Bet ID 1:427790585821,Back,2.06,40.00, -- , -40.00 ,Lost
02-May-26 21:56:10,02-May-26 22:31:28,Porto v Alverca Under 1.5 Goals-Over/Under 1.5 Goals | Betfair Bet ID 1:427792070966,Lay,2.00,53.53, 53.53 , -53.53 ,Lost
02-May-26 21:25:07,02-May-26 21:54:47,Osasuna v Barcelona The Draw-Match Odds | Betfair Bet ID 1:427788805904,Lay,2.00,52.89, 52.89 , 52.89 ,Won
02-May-26 21:38:37,02-May-26 21:54:47,Osasuna v Barcelona The Draw-Match Odds | Betfair Bet ID 1:427790359863,Back,6.40,10.00, -- , -10.00 ,Lost
02-May-26 21:39:31,02-May-26 21:54:47,Osasuna v Barcelona Osasuna-Match Odds | Betfair Bet ID 1:427790443663,Back,85.00,1.11, -- , -1.11 ,Lost
02-May-26 21:41:51,02-May-26 21:54:47,Osasuna v Barcelona The Draw-Match Odds | Betfair Bet ID 1:427790684007,Back,130.31,0.32, -- , -0.32 ,Lost
02-May-26 20:51:13,02-May-26 21:25:41,Schalke 04 v Fortuna Dusseldorf Under 1.5 Goals-Over/Under 1.5 Goals | Betfair Bet ID 1:427784625590,Lay,1.98,51.02, 50.00 , -49.99 ,Lost
02-May-26 20:43:48,02-May-26 21:25:38,Schalke 04 v Fortuna Dusseldorf Under 2.5 Goals-Over/Under 2.5 Goals | Betfair Bet ID 1:427783538698,Lay,1.49,102.04, 50.00 , -50.00 ,Lost
02-May-26 20:07:05,02-May-26 20:51:21,Al-Hazm (KSA) v Al-Hilal Under 2.5 Goals-Over/Under 2.5 Goals | Betfair Bet ID 1:427776974158,Lay,1.98,51.02, 50.00 , 51.02 ,Won
02-May-26 20:41:26,02-May-26 20:51:21,Al-Hazm (KSA) v Al-Hilal Under 2.5 Goals-Over/Under 2.5 Goals | Betfair Bet ID 1:427783153403,Back,1.79,56.75, -- , -56.75 ,Lost
02-May-26 20:41:34,02-May-26 20:51:21,Al-Hazm (KSA) v Al-Hilal Under 2.5 Goals-Over/Under 2.5 Goals | Betfair Bet ID 1:427783175217,Lay,1.86,0.30, 0.26 , 0.30 ,Won
02-May-26 18:11:17,02-May-26 20:08:33,Brann v Fredrikstad Under 2.5 Goals-Over/Under 2.5 Goals | Betfair Bet ID 1:427754167144,Lay,1.49,102.04, 50.00 , 102.04 ,Won
02-May-26 18:27:27,02-May-26 20:08:33,Brann v Fredrikstad Over 2.5 Goals-Over/Under 2.5 Goals | Betfair Bet ID 1:427757356136,Lay,1.85,50.00, 42.50 , -42.53 ,Lost
02-May-26 17:34:54,02-May-26 17:54:07,Paris St-G v Lorient Over 4.5 Goals-Over/Under 4.5 Goals | Betfair Bet ID 1:427747056385,Back,2.08,50.00, -- , -50.00 ,Lost
02-May-26 17:05:37,02-May-26 17:07:22,Moreirense v Club Football Estrela Under 3.5 Goals-Over/Under 3.5 Goals | Betfair Bet ID 1:427741250696,Lay,1.93,51.02, 47.45 , 51.02 ,Won
02-May-26 16:23:50,02-May-26 16:53:30,Ogre United v Rigas Futbola Skola Under 7.5 Goals-Over/Under 7.5 Goals | Betfair Bet ID 1:427731590816,Lay,1.49,102.04, 50.00 , -50.00 ,Lost
02-May-26 16:23:58,02-May-26 16:48:12,Ogre United v Rigas Futbola Skola Under 6.5 Goals-Over/Under 6.5 Goals | Betfair Bet ID 1:427731626350,Lay,1.98,51.02, 50.00 , 51.02 ,Won
02-May-26 15:51:45,02-May-26 16:32:32,Bayern Munich v FC Heidenheim Bayern Munich-Match Odds | Betfair Bet ID 1:427723404617,Back,1.52,99.99, -- , -99.99 ,Lost
11-Apr-26 18:55:10,11-Apr-26 19:22:57,Liverpool v Fulham Under 2.5 Goals-Over/Under 2.5 Goals | Betfair Bet ID 1:425173657306,Lay,1.98,51.02, 50.00 , -50.00 ,Lost
11-Apr-26 18:51:40,11-Apr-26 19:22:48,Liverpool v Fulham Under 3.5 Goals-Over/Under 3.5 Goals | Betfair Bet ID 1:425173075346,Lay,1.49,102.04, 50.00 , -50.00 ,Lost
11-Apr-26 17:59:41,11-Apr-26 18:56:11,AC Milan v Udinese Under 3.5 Goals-Over/Under 3.5 Goals | Betfair Bet ID 1:425162674586,Lay,1.49,102.04, 50.00 , -50.01 ,Lost
11-Apr-26 18:32:06,11-Apr-26 18:56:11,AC Milan v Udinese Over 3.5 Goals-Over/Under 3.5 Goals | Betfair Bet ID 1:425169211336,Lay,1.71,50.00, 35.50 , 50.00 ,Won
11-Apr-26 16:27:37,11-Apr-26 16:57:38,Celtic v St Mirren Under 1.5 Goals-Over/Under 1.5 Goals | Betfair Bet ID 1:425144227315,Lay,2.00,51.03, 51.03 , -51.03 ,Lost
11-Apr-26 16:27:14,11-Apr-26 16:57:37,Celtic v St Mirren Under 2.5 Goals-Over/Under 2.5 Goals | Betfair Bet ID 1:425144142794,Lay,1.40,100.00, 40.00 , -40.00 ,Lost
11-Apr-26 16:27:25,11-Apr-26 16:57:37,Celtic v St Mirren Under 2.5 Goals-Over/Under 2.5 Goals | Betfair Bet ID 1:425144181197,Lay,1.10,100.00, 10.00 , -10.00 ,Lost
11-Apr-26 15:35:34,11-Apr-26 16:26:49,RB Leipzig v Mgladbach Under 1.5 Goals-Over/Under 1.5 Goals | Betfair Bet ID 1:425132403057,Lay,1.98,51.02, 50.00 , -50.00 ,Lost
11-Apr-26 15:35:49,11-Apr-26 16:24:30,Dortmund v Leverkusen Under 2.5 Goals-Over/Under 2.5 Goals | Betfair Bet ID 1:425132474358,Lay,1.49,102.04, 50.00 , -49.99 ,Lost
11-Apr-26 15:37:23,11-Apr-26 16:24:30,Dortmund v Leverkusen Under 1.5 Goals-Over/Under 1.5 Goals | Betfair Bet ID 1:425132899318,Lay,2.94,51.02, 98.98 , -98.98 ,Lost
11-Apr-26 15:08:00,11-Apr-26 15:57:04,Mjallby v Orgryte Under 3.5 Goals-Over/Under 3.5 Goals | Betfair Bet ID 1:425124825111,Lay,1.49,102.05, 50.00 , -50.00 ,Lost
11-Apr-26 15:08:14,11-Apr-26 15:57:04,Mjallby v Orgryte Under 2.5 Goals-Over/Under 2.5 Goals | Betfair Bet ID 1:425124903398,Lay,1.98,51.03, 50.01 , -50.01 ,Lost
11-Apr-26 14:57:42,11-Apr-26 15:17:27,RB Leipzig v Mgladbach Under 0.5 Goals-First Half Goals 0.5 | Betfair Bet ID 1:425121802259,Lay,1.98,51.02, 50.00 , -50.00 ,Lost
11-Apr-26 14:57:46,11-Apr-26 15:12:42,Dortmund v Leverkusen Under 0.5 Goals-First Half Goals 0.5 | Betfair Bet ID 1:425121816863,Lay,1.98,51.02, 50.00 , 51.02 ,Won
11-Apr-26 14:31:41,11-Apr-26 14:41:45,Lillestrom v Start Under 3.5 Goals-Over/Under 3.5 Goals | Betfair Bet ID 1:425115946757,Lay,1.98,102.04, 100.00 , 102.04 ,Won
11-Apr-26 13:31:40,11-Apr-26 14:26:42,Coventry v Sheff Wed Over 1.5 Goals-Over/Under 1.5 Goals | Betfair Bet ID 1:425101472573,Back,2.04,99.99, -- , -99.99 ,Lost
11-Apr-26 13:36:36,11-Apr-26 14:25:36,Arsenal v Bournemouth Under 3.5 Goals-Over/Under 3.5 Goals | Betfair Bet ID 1:425102605596,Lay,1.49,102.04, 50.00 , -50.00 ,Lost
11-Apr-26 14:05:20,11-Apr-26 14:25:36,Arsenal v Bournemouth Under 3.5 Goals-Over/Under 3.5 Goals | Betfair Bet ID 1:425109196157,Lay,2.00,1.01, 1.01 , -1.01 ,Lost
11-Apr-26 14:04:29,11-Apr-26 14:25:31,Arsenal v Bournemouth Under 4.5 Goals-Over/Under 4.5 Goals | Betfair Bet ID 1:425108962997,Lay,1.19,150.00, 28.50 , -28.98 ,Lost
11-Apr-26 14:04:45,11-Apr-26 14:25:31,Arsenal v Bournemouth Under 4.5 Goals-Over/Under 4.5 Goals | Betfair Bet ID 1:425109028461,Lay,1.10,200.00, 20.00 , -20.00 ,Lost
10-Apr-26 22:48:50,10-Apr-26 23:58:07,Deportivo Pereira v Once Caldas Under 0.5 Goals-Over/Under 0.5 Goals | Betfair Bet ID 1:425022574870,Lay,1.98,51.13, 50.11 , -50.11 ,Lost
10-Apr-26 22:48:18,10-Apr-26 23:58:03,Deportivo Pereira v Once Caldas Under 1.5 Goals-Over/Under 1.5 Goals | Betfair Bet ID 1:425022549922,Lay,1.49,102.04, 50.00 , -49.90 ,Lost
10-Apr-26 22:09:16,10-Apr-26 22:49:13,Famalicao v Moreirense Under 2.5 Goals-Over/Under 2.5 Goals | Betfair Bet ID 1:425020979858,Lay,1.50,100.00, 50.00 , -50.01 ,Lost
10-Apr-26 22:09:27,10-Apr-26 22:49:13,Famalicao v Moreirense Under 2.5 Goals-Over/Under 2.5 Goals | Betfair Bet ID 1:425020992023,Lay,1.20,150.00, 30.00 , -30.00 ,Lost
10-Apr-26 22:09:40,10-Apr-26 22:49:13,Famalicao v Moreirense Under 2.5 Goals-Over/Under 2.5 Goals | Betfair Bet ID 1:425021004172,Lay,1.10,200.00, 20.00 , -20.00 ,Lost
10-Apr-26 21:28:25,10-Apr-26 21:57:23,Real Madrid v Girona Under 2.5 Goals-Over/Under 2.5 Goals | Betfair Bet ID 1:425018020939,Lay,2.00,100.03, 100.03 , -100.03 ,Lost
10-Apr-26 21:28:09,10-Apr-26 21:57:17,Real Madrid v Girona Under 3.5 Goals-Over/Under 3.5 Goals | Betfair Bet ID 1:425017989381,Lay,1.49,204.04, 99.98 , -99.97 ,Lost
10-Apr-26 20:58:21,10-Apr-26 21:25:32,Korona Kielce v Jagiellonia Bialystock Under 2.5 Goals-Over/Under 2.5 Goals | Betfair Bet ID 1:425014142936,Lay,1.98,51.02, 50.00 , -50.00 ,Lost
10-Apr-26 20:56:52,10-Apr-26 21:25:31,Korona Kielce v Jagiellonia Bialystock Under 3.5 Goals-Over/Under 3.5 Goals | Betfair Bet ID 1:425013929767,Lay,1.25,95.00, 23.75 , -23.75 ,Lost
10-Apr-26 20:57:23,10-Apr-26 21:25:31,Korona Kielce v Jagiellonia Bialystock Under 3.5 Goals-Over/Under 3.5 Goals | Betfair Bet ID 1:425014003253,Lay,1.15,98.10, 14.72 , -14.72 ,Lost
10-Apr-26 20:57:58,10-Apr-26 21:25:31,Korona Kielce v Jagiellonia Bialystock Under 3.5 Goals-Over/Under 3.5 Goals | Betfair Bet ID 1:425014088116,Lay,1.10,50.00, 5.00 , -5.00 ,Lost
10-Apr-26 20:58:08,10-Apr-26 21:25:31,Korona Kielce v Jagiellonia Bialystock Under 3.5 Goals-Over/Under 3.5 Goals | Betfair Bet ID 1:425014114388,Lay,1.05,100.00, 5.00 , -4.99 ,Lost
09-Apr-26 18:30:28,09-Apr-26 18:50:43,Dhamk v Al-Quadisiya (KSA) Under 2.5 Goals-Over/Under 2.5 Goals | Betfair Bet ID 1:424869759156,Lay,2.00,50.61, 50.61 , -50.61 ,Lost
09-Apr-26 18:00:41,09-Apr-26 18:50:42,Dhamk v Al-Quadisiya (KSA) Under 3.5 Goals-Over/Under 3.5 Goals | Betfair Bet ID 1:424866032747,Lay,1.49,102.04, 50.00 , -50.00 ,Lost
09-Apr-26 18:01:12,09-Apr-26 18:48:43,Tallinna Kalev v FC Elva Under 2.5 Goals-Over/Under 2.5 Goals | Betfair Bet ID 1:424866088713,Lay,1.49,102.04, 50.00 , 102.04 ,Won
09-Apr-26 18:01:27,09-Apr-26 18:40:37,Tallinna Kalev v FC Elva Under 1.5 Goals-Over/Under 1.5 Goals | Betfair Bet ID 1:424866121302,Lay,1.95,51.02, 48.47 , 51.02 ,Won
08-Apr-26 21:08:45,08-Apr-26 21:53:18,Paris St-G v Liverpool Under 2.5 Goals-Over/Under 2.5 Goals | Betfair Bet ID 1:424794389180,Lay,1.49,102.04, 50.00 , -50.00 ,Lost
08-Apr-26 21:24:59,08-Apr-26 21:53:18,Paris St-G v Liverpool Under 2.5 Goals-Over/Under 2.5 Goals | Betfair Bet ID 1:424795359846,Back,2.50,60.81, -- , 91.22 ,Won
08-Apr-26 20:21:41,08-Apr-26 21:01:48,Al-Ittihad v NEOM Sports Club Under 7.5 Goals-Over/Under 7.5 Goals | Betfair Bet ID 1:424791306114,Lay,1.30,100.00, 30.00 , -30.00 ,Lost
08-Apr-26 20:21:51,08-Apr-26 21:01:48,Al-Ittihad v NEOM Sports Club Under 7.5 Goals-Over/Under 7.5 Goals | Betfair Bet ID 1:424791318618,Lay,1.20,100.00, 20.00 , -20.00 ,Lost
08-Apr-26 20:22:15,08-Apr-26 20:55:54,Al-Ittihad v NEOM Sports Club Under 6.5 Goals-Over/Under 6.5 Goals | Betfair Bet ID 1:424791346571,Lay,2.00,54.89, 54.89 , 54.89 ,Won
07-Apr-26 21:27:26,07-Apr-26 21:54:24,Real Madrid v Bayern Munich Under 3.5 Goals-Over/Under 3.5 Goals | Betfair Bet ID 1:424697934075,Lay,1.49,102.04, 50.00 , -49.99 ,Lost
07-Apr-26 21:33:02,07-Apr-26 21:54:24,Real Madrid v Bayern Munich Under 3.5 Goals-Over/Under 3.5 Goals | Betfair Bet ID 1:424698322812,Back,2.96,51.36, -- , 100.67 ,Won
07-Apr-26 19:25:25,07-Apr-26 19:49:28,Aarau v Etoile Carouge Under 2.5 Goals-Over/Under 2.5 Goals | Betfair Bet ID 1:424686257522,Lay,1.49,102.04, 50.00 , 102.04 ,Won
07-Apr-26 19:36:48,07-Apr-26 19:49:28,Aarau v Etoile Carouge Over 2.5 Goals-Over/Under 2.5 Goals | Betfair Bet ID 1:424687529175,Lay,1.93,50.00, 46.50 , -46.50 ,Lost
06-Apr-26 22:02:29,06-Apr-26 22:28:20,Casa Pia v Benfica Under 1.5 Goals-Over/Under 1.5 Goals | Betfair Bet ID 1:424615976753,Lay,1.49,102.04, 50.00 , 102.04 ,Won
06-Apr-26 22:17:23,06-Apr-26 22:28:20,Casa Pia v Benfica Under 1.5 Goals-Over/Under 1.5 Goals | Betfair Bet ID 1:424616547361,Back,2.84,54.30, -- , -54.30 ,Lost
06-Apr-26 22:17:30,06-Apr-26 22:28:20,Casa Pia v Benfica Over 1.5 Goals-Over/Under 1.5 Goals | Betfair Bet ID 1:424616552902,Back,1.56,1.41, -- , 0.79 ,Won
06-Apr-26 22:25:45,06-Apr-26 22:28:20,Casa Pia v Benfica Over 1.5 Goals-Over/Under 1.5 Goals | Betfair Bet ID 1:424616823780,Back,2.12,48.50, -- , 54.32 ,Won
06-Apr-26 19:34:24,06-Apr-26 20:09:06,Tromso v Rosenborg Under 2.5 Goals-Over/Under 2.5 Goals | Betfair Bet ID 1:424604454485,Lay,2.00,51.02, 51.02 , -51.02 ,Lost
06-Apr-26 17:41:14,06-Apr-26 18:55:43,Juventus v Genoa Under 3.5 Goals-Over/Under 3.5 Goals | Betfair Bet ID 1:424590474205,Lay,1.49,102.04, 50.00 , -50.00 ,Lost
06-Apr-26 17:41:36,06-Apr-26 18:55:39,Juventus v Genoa Under 2.5 Goals-Over/Under 2.5 Goals | Betfair Bet ID 1:424590536956,Lay,2.94,51.02, 98.98 , -98.98 ,Lost
06-Apr-26 17:45:50,06-Apr-26 18:54:41,Bohemians v Waterford Under 2.5 Goals-Over/Under 2.5 Goals | Betfair Bet ID 1:424591156398,Lay,1.49,102.04, 50.00 , -49.99 ,Lost
06-Apr-26 17:04:01,06-Apr-26 17:38:41,Roda JC v Willem II Under 2.5 Goals-Over/Under 2.5 Goals | Betfair Bet ID 1:424583589674,Lay,1.49,102.04, 50.00 , -50.01 ,Lost
06-Apr-26 17:04:12,06-Apr-26 17:38:41,Roda JC v Willem II Under 1.5 Goals-Over/Under 1.5 Goals | Betfair Bet ID 1:424583631471,Lay,1.98,51.02, 50.00 , -50.00 ,Lost
04-Apr-26 20:59:07,04-Apr-26 21:43:29,Southampton v Arsenal Under 2.5 Goals-Over/Under 2.5 Goals | Betfair Bet ID 1:424315529761,Lay,1.98,51.02, 50.00 , 51.02 ,Won
04-Apr-26 16:12:10,04-Apr-26 17:08:15,Mallorca v Real Madrid Under 2.5 Goals-Over/Under 2.5 Goals | Betfair Bet ID 1:424263255623,Lay,1.49,102.04, 50.00 , 102.04 ,Won
04-Apr-26 16:32:20,04-Apr-26 17:04:12,Mallorca v Real Madrid Under 1.5 Goals-Over/Under 1.5 Goals | Betfair Bet ID 1:424267938728,Lay,1.98,51.02, 50.00 , 51.02 ,Won
03-Apr-26 21:38:47,03-Apr-26 22:30:52,Sporting Lisbon v Santa Clara Under 5.5 Goals-Over/Under 5.5 Goals | Betfair Bet ID 1:424141153840,Lay,1.49,102.04, 50.00 , 102.04 ,Won
03-Apr-26 21:38:56,03-Apr-26 22:22:43,Sporting Lisbon v Santa Clara Under 4.5 Goals-Over/Under 4.5 Goals | Betfair Bet ID 1:424141164406,Lay,1.98,51.02, 50.00 , 51.02 ,Won
03-Apr-26 21:01:34,03-Apr-26 21:37:24,Paris St-G v Toulouse Under 4.5 Goals-Over/Under 4.5 Goals | Betfair Bet ID 1:424136862423,Lay,1.49,102.04, 50.00 , -50.00 ,Lost
03-Apr-26 21:01:45,03-Apr-26 21:35:33,Paris St-G v Toulouse Under 3.5 Goals-Over/Under 3.5 Goals | Betfair Bet ID 1:424136880937,Lay,1.98,51.02, 50.00 , 51.02 ,Won
22-Mar-26 22:45:01,22-Mar-26 23:27:26,Sportivo San Lorenzo v Nacional (Par) Under 0.5 Goals-Over/Under 0.5 Goals | Betfair Bet ID 1:422978913309,Lay,2.00,52.57, 52.57 , -52.57 ,Lost
22-Mar-26 22:44:45,22-Mar-26 23:27:25,Sportivo San Lorenzo v Nacional (Par) Under 1.5 Goals-Over/Under 1.5 Goals | Betfair Bet ID 1:422978893656,Lay,1.30,100.00, 30.00 , -30.00 ,Lost
22-Mar-26 22:57:02,22-Mar-26 23:27:25,Sportivo San Lorenzo v Nacional (Par) Under 1.5 Goals-Over/Under 1.5 Goals | Betfair Bet ID 1:422979708832,Lay,1.20,100.00, 20.00 , -20.00 ,Lost
22-Mar-26 22:03:24,22-Mar-26 22:26:27,Racing United FC v Tivoli Gardens Under 0.5 Goals-Over/Under 0.5 Goals | Betfair Bet ID 1:422975538153,Lay,1.98,40.00, 39.20 , -39.20 ,Lost
22-Mar-26 21:44:56,22-Mar-26 22:11:48,Braga v Porto Under 2.5 Goals-Over/Under 2.5 Goals | Betfair Bet ID 1:422973970002,Lay,1.30,100.00, 30.00 , 100.00 ,Won
22-Mar-26 21:59:48,22-Mar-26 22:11:48,Braga v Porto Under 2.5 Goals-Over/Under 2.5 Goals | Betfair Bet ID 1:422975240742,Back,2.12,61.32, -- , -61.32 ,Lost
22-Mar-26 20:26:35,22-Mar-26 21:41:48,Fiorentina v Inter Under 2.5 Goals-Over/Under 2.5 Goals | Betfair Bet ID 1:422965465545,Lay,1.49,102.04, 50.00 , -50.00 ,Lost
22-Mar-26 21:23:01,22-Mar-26 21:41:48,Fiorentina v Inter Over 2.5 Goals-Over/Under 2.5 Goals | Betfair Bet ID 1:422971764934,Lay,2.08,50.00, 54.00 , 50.00 ,Won
22-Mar-26 19:32:53,22-Mar-26 19:38:20,Alverca v Sporting Lisbon Over 2.5 Goals-Over/Under 2.5 Goals | Betfair Bet ID 1:422959055240,Back,1.60,65.40, -- , 39.25 ,Won
22-Mar-26 18:58:36,22-Mar-26 19:30:35,Anderlecht v Cercle Brugge Under 5.5 Goals-Over/Under 5.5 Goals | Betfair Bet ID 1:422954083402,Lay,1.30,100.00, 30.00 , -30.00 ,Lost
22-Mar-26 18:58:49,22-Mar-26 19:26:16,Anderlecht v Cercle Brugge Under 4.5 Goals-Over/Under 4.5 Goals | Betfair Bet ID 1:422954111889,Lay,2.00,33.03, 33.03 , 33.03 ,Won
22-Mar-26 18:19:32,22-Mar-26 18:58:39,Olympiakos v Athlitiki Enosi Larissa Under 0.5 Goals-Over/Under 0.5 Goals | Betfair Bet ID 1:422947875307,Lay,1.98,51.02, 50.00 , -50.00 ,Lost
22-Mar-26 18:17:17,22-Mar-26 18:58:38,Olympiakos v Athlitiki Enosi Larissa Under 1.5 Goals-Over/Under 1.5 Goals | Betfair Bet ID 1:422947481482,Lay,1.49,102.04, 50.00 , -50.00 ,Lost
22-Mar-26 18:08:18,22-Mar-26 18:55:21,Roma v Lecce Under 1.5 Goals-Over/Under 1.5 Goals | Betfair Bet ID 1:422945826400,Lay,1.49,102.04, 50.00 , -50.00 ,Lost
22-Mar-26 18:16:29,22-Mar-26 18:55:21,Roma v Lecce Over 1.5 Goals-Over/Under 1.5 Goals | Betfair Bet ID 1:422947342117,Lay,1.55,40.00, 22.00 , 40.00 ,Won
22-Mar-26 18:16:58,22-Mar-26 18:55:21,Roma v Lecce Under 1.5 Goals-Over/Under 1.5 Goals | Betfair Bet ID 1:422947429990,Back,2.92,30.83, -- , 59.19 ,Won
22-Mar-26 17:38:24,22-Mar-26 18:08:58,Rennes v Metz Under 0.5 Goals-Over/Under 0.5 Goals | Betfair Bet ID 1:422940857336,Lay,1.98,51.02, 50.00 , -50.00 ,Lost
22-Mar-26 17:20:25,22-Mar-26 18:08:56,Rennes v Metz Under 1.5 Goals-Over/Under 1.5 Goals | Betfair Bet ID 1:422937519094,Lay,1.49,102.04, 50.00 , -50.00 ,Lost
22-Mar-26 17:11:16,22-Mar-26 17:57:42,Fredrikstad v KFUM Oslo Under 4.5 Goals-Over/Under 4.5 Goals | Betfair Bet ID 1:422935828119,Lay,1.98,51.02, 50.00 , -49.99 ,Lost
22-Mar-26 17:11:03,22-Mar-26 17:57:38,Fredrikstad v KFUM Oslo Under 5.5 Goals-Over/Under 5.5 Goals | Betfair Bet ID 1:422935783365,Lay,1.49,102.04, 50.00 , -50.00 ,Lost
22-Mar-26 17:07:56,22-Mar-26 17:54:05,Sandefjord v Sarpsborg Under 3.5 Goals-Over/Under 3.5 Goals | Betfair Bet ID 1:422935135480,Lay,1.49,102.04, 50.00 , -50.00 ,Lost
22-Mar-26 17:09:08,22-Mar-26 17:54:05,Sandefjord v Sarpsborg Under 2.5 Goals-Over/Under 2.5 Goals | Betfair Bet ID 1:422935373381,Lay,1.98,51.02, 50.00 , -50.00 ,Lost
22-Mar-26 16:29:18,22-Mar-26 17:23:02,Young Boys v Lugano Under 2.5 Goals-Over/Under 2.5 Goals | Betfair Bet ID 1:422927697809,Lay,1.49,102.04, 50.00 , -50.00 ,Lost
22-Mar-26 16:54:19,22-Mar-26 17:23:02,Young Boys v Lugano Under 2.5 Goals-Over/Under 2.5 Goals | Betfair Bet ID 1:422932473857,Back,2.66,57.15, -- , 95.01 ,Won
22-Mar-26 16:54:27,22-Mar-26 17:23:02,Young Boys v Lugano Under 2.5 Goals-Over/Under 2.5 Goals | Betfair Bet ID 1:422932501984,Lay,2.70,0.04, 0.07 , -0.07 ,Lost
22-Mar-26 16:11:00,22-Mar-26 17:03:27,FC Copenhagen v Fredericia Under 3.5 Goals-Over/Under 3.5 Goals | Betfair Bet ID 1:422924163519,Lay,1.98,51.02, 50.00 , -50.00 ,Lost
22-Mar-26 16:22:05,22-Mar-26 16:59:23,FC Copenhagen v Fredericia Under 2.5 Goals-Over/Under 2.5 Goals | Betfair Bet ID 1:422926302926,Lay,1.98,51.02, 50.00 , 51.02 ,Won
22-Mar-26 15:30:52,22-Mar-26 16:10:27,Aston Villa v West Ham Under 2.5 Goals-Over/Under 2.5 Goals | Betfair Bet ID 1:422916771922,Lay,1.49,102.04, 50.00 , -50.00 ,Lost
22-Mar-26 15:16:36,22-Mar-26 15:53:42,Atalanta v Verona Under 2.5 Goals-Over/Under 2.5 Goals | Betfair Bet ID 1:422914021274,Lay,1.48,102.04, 48.98 , -48.98 ,Lost
22-Mar-26 15:17:42,22-Mar-26 15:53:42,Atalanta v Verona Under 1.5 Goals-Over/Under 1.5 Goals | Betfair Bet ID 1:422914256966,Lay,1.98,51.02, 50.00 , -50.00 ,Lost
22-Mar-26 15:01:58,22-Mar-26 15:30:22,Feyenoord v Ajax Under 2.5 Goals-Over/Under 2.5 Goals | Betfair Bet ID 1:422911275019,Lay,1.20,150.00, 30.00 , -30.00 ,Lost
22-Mar-26 15:16:20,22-Mar-26 15:30:22,Feyenoord v Ajax Under 2.5 Goals-Over/Under 2.5 Goals | Betfair Bet ID 1:422913966202,Back,1.52,118.42, -- , 62.07 ,Won
22-Mar-26 15:16:28,22-Mar-26 15:30:22,Feyenoord v Ajax Over 2.5 Goals-Over/Under 2.5 Goals | Betfair Bet ID 1:422913994103,Back,2.90,0.17, -- , -0.17 ,Lost
22-Mar-26 14:00:10,22-Mar-26 15:01:31,Barcelona v Rayo Vallecano Under 1.5 Goals-Over/Under 1.5 Goals | Betfair Bet ID 1:422899133421,Lay,1.98,51.02, 50.00 , -50.00 ,Lost
22-Mar-26 13:59:33,22-Mar-26 15:01:24,Barcelona v Rayo Vallecano Under 2.5 Goals-Over/Under 2.5 Goals | Betfair Bet ID 1:422899011275,Lay,1.98,51.02, 50.00 , -50.00 ,Lost
22-Mar-26 13:59:41,22-Mar-26 14:58:11,Winterthur v FC Basel Under 2.5 Goals-Over/Under 2.5 Goals | Betfair Bet ID 1:422899030572,Lay,1.49,102.04, 50.00 , -50.00 ,Lost
22-Mar-26 14:32:37,22-Mar-26 14:58:11,Winterthur v FC Basel Over 2.5 Goals-Over/Under 2.5 Goals | Betfair Bet ID 1:422905926860,Lay,1.71,50.00, 35.50 , 50.00 ,Won
22-Mar-26 14:33:20,22-Mar-26 14:58:11,Winterthur v FC Basel Under 2.5 Goals-Over/Under 2.5 Goals | Betfair Bet ID 1:422906056779,Back,2.44,27.95, -- , 40.25 ,Won
22-Mar-26 14:33:28,22-Mar-26 14:58:11,Winterthur v FC Basel Over 2.5 Goals-Over/Under 2.5 Goals | Betfair Bet ID 1:422906077573,Back,1.71,0.97, -- , -0.97 ,Lost
21-Mar-26 21:10:46,21-Mar-26 21:42:56,Juventus v Sassuolo Under 2.5 Goals-Over/Under 2.5 Goals | Betfair Bet ID 1:422809473689,Lay,2.00,57.80, 57.80 , -57.80 ,Lost
21-Mar-26 21:10:19,21-Mar-26 21:42:44,Juventus v Sassuolo Under 3.5 Goals-Over/Under 3.5 Goals | Betfair Bet ID 1:422809420322,Lay,1.30,100.00, 30.00 , -30.00 ,Lost
21-Mar-26 21:10:31,21-Mar-26 21:42:44,Juventus v Sassuolo Under 3.5 Goals-Over/Under 3.5 Goals | Betfair Bet ID 1:422809444439,Lay,1.20,100.00, 20.00 , -20.00 ,Lost
21-Mar-26 20:37:04,21-Mar-26 21:10:51,Jagiellonia Bialystock v Wisla Plock Under 3.5 Goals-Over/Under 3.5 Goals | Betfair Bet ID 1:422804861335,Lay,1.98,51.02, 50.00 , -50.00 ,Lost
21-Mar-26 20:20:32,21-Mar-26 21:10:49,Jagiellonia Bialystock v Wisla Plock Under 4.5 Goals-Over/Under 4.5 Goals | Betfair Bet ID 1:422801979740,Lay,1.49,102.04, 50.00 , -50.00 ,Lost
21-Mar-26 19:56:29,21-Mar-26 20:30:01,RKC Waalwijk v Den Bosch Under 2.5 Goals-Over/Under 2.5 Goals | Betfair Bet ID 1:422797977109,Lay,1.49,16.13, 7.90 , 16.13 ,Won
21-Mar-26 20:18:16,21-Mar-26 20:30:01,RKC Waalwijk v Den Bosch Under 2.5 Goals-Over/Under 2.5 Goals | Betfair Bet ID 1:422801620482,Back,2.94,8.17, -- , -8.17 ,Lost
21-Mar-26 19:36:17,21-Mar-26 19:55:45,Benfica v Guimaraes Under 3.5 Goals-Over/Under 3.5 Goals | Betfair Bet ID 1:422794826858,Lay,1.98,51.04, 50.02 , -50.02 ,Lost
21-Mar-26 18:33:17,21-Mar-26 19:08:20,Dortmund v Hamburger SV Under 3.5 Goals-Over/Under 3.5 Goals | Betfair Bet ID 1:422783875915,Lay,1.98,51.02, 50.00 , 51.02 ,Won
21-Mar-26 17:06:59,21-Mar-26 17:38:37,Vojvodina v FK Napredak Under 3.5 Goals-Over/Under 3.5 Goals | Betfair Bet ID 1:422767667233,Lay,1.49,102.04, 50.00 , 102.04 ,Won
21-Mar-26 16:32:54,21-Mar-26 17:01:34,AFC Wimbledon v Peterborough Under 2.5 Goals-Over/Under 2.5 Goals | Betfair Bet ID 1:422759865055,Lay,1.40,50.00, 20.00 , -20.00 ,Lost
21-Mar-26 16:33:04,21-Mar-26 17:01:34,AFC Wimbledon v Peterborough Under 2.5 Goals-Over/Under 2.5 Goals | Betfair Bet ID 1:422759908073,Lay,1.30,50.00, 15.00 , -15.00 ,Lost
21-Mar-26 16:33:15,21-Mar-26 17:01:34,AFC Wimbledon v Peterborough Under 2.5 Goals-Over/Under 2.5 Goals | Betfair Bet ID 1:422759959511,Lay,1.20,50.00, 10.00 , -10.00 ,Lost
21-Mar-26 16:33:25,21-Mar-26 17:01:34,AFC Wimbledon v Peterborough Under 2.5 Goals-Over/Under 2.5 Goals | Betfair Bet ID 1:422760001851,Lay,1.10,50.00, 5.00 , -5.00 ,Lost
21-Mar-26 16:32:15,21-Mar-26 17:01:30,AFC Wimbledon v Peterborough Under 3.5 Goals-Over/Under 3.5 Goals | Betfair Bet ID 1:422759694617,Lay,1.20,150.00, 30.00 , -30.00 ,Lost
21-Mar-26 16:32:40,21-Mar-26 17:01:30,AFC Wimbledon v Peterborough Under 3.5 Goals-Over/Under 3.5 Goals | Betfair Bet ID 1:422759809995,Lay,1.10,200.00, 20.00 , -20.00 ,Lost
21-Mar-26 16:23:05,21-Mar-26 16:56:34,Hearts v Dundee Under 1.5 Goals-Over/Under 1.5 Goals | Betfair Bet ID 1:422757000156,Lay,1.30,100.00, 30.00 , -29.98 ,Lost
21-Mar-26 16:23:11,21-Mar-26 16:56:34,Hearts v Dundee Under 1.5 Goals-Over/Under 1.5 Goals | Betfair Bet ID 1:422757030985,Lay,1.20,100.00, 20.00 , -20.00 ,Lost
21-Mar-26 16:39:04,21-Mar-26 16:56:34,Hearts v Dundee Over 1.5 Goals-Over/Under 1.5 Goals | Betfair Bet ID 1:422761585986,Lay,2.44,50.00, 72.00 , 50.00 ,Won
21-Mar-26 15:59:05,21-Mar-26 16:23:14,Bayern Munich v Union Berlin Under 4.5 Goals-Over/Under 4.5 Goals | Betfair Bet ID 1:422750161987,Lay,2.00,51.03, 51.03 , -51.03 ,Lost
21-Mar-26 15:58:56,21-Mar-26 16:23:11,Bayern Munich v Union Berlin Under 5.5 Goals-Over/Under 5.5 Goals | Betfair Bet ID 1:422750129275,Lay,1.48,102.04, 48.98 , -48.98 ,Lost
15-Mar-26 16:13:06,15-Mar-26 16:51:55,Lommel v Francs Borains Under 5.5 Goals-Over/Under 5.5 Goals | Betfair Bet ID 1:422061458698,Lay,1.49,51.02, 25.00 , -25.00 ,Lost
15-Mar-26 16:13:38,15-Mar-26 16:51:55,Lommel v Francs Borains Under 4.5 Goals-Over/Under 4.5 Goals | Betfair Bet ID 1:422061548000,Lay,1.98,25.51, 25.00 , -24.99 ,Lost
15-Mar-26 14:23:04,15-Mar-26 16:05:43,Midtjylland v FC Nordsjaelland Under 1.5 Goals-Over/Under 1.5 Goals | Betfair Bet ID 1:422039464574,Lay,1.48,51.02, 24.49 , -24.49 ,Lost
15-Mar-26 14:24:51,15-Mar-26 16:03:30,Midtjylland v FC Nordsjaelland Under 0.5 Goals-Over/Under 0.5 Goals | Betfair Bet ID 1:422039856492,Lay,2.00,25.51, 25.51 , 25.51 ,Won
15-Mar-26 15:09:23,15-Mar-26 15:58:56,Sassuolo v Bologna Under 1.5 Goals-Over/Under 1.5 Goals | Betfair Bet ID 1:422049144062,Lay,2.00,25.51, 25.51 , -25.51 ,Lost
15-Mar-26 15:08:15,15-Mar-26 15:58:50,Sassuolo v Bologna Under 2.5 Goals-Over/Under 2.5 Goals | Betfair Bet ID 1:422048903147,Lay,1.49,51.02, 25.00 , -25.00 ,Lost
15-Mar-26 13:39:21,15-Mar-26 14:25:56,Genk v Sint Truiden Under 2.5 Goals-Over/Under 2.5 Goals | Betfair Bet ID 1:422028957365,Lay,1.49,51.02, 25.00 , -25.00 ,Lost
15-Mar-26 13:39:06,15-Mar-26 14:25:55,Genk v Sint Truiden Under 1.5 Goals-Over/Under 1.5 Goals | Betfair Bet ID 1:422028900391,Lay,1.98,25.51, 25.00 , -25.00 ,Lost
15-Mar-26 00:34:11,15-Mar-26 01:40:11,Charlotte FC v Inter Miami CF Under 0.5 Goals-Over/Under 0.5 Goals | Betfair Bet ID 1:421959791034,Lay,1.98,25.51, 25.00 , -25.00 ,Lost
15-Mar-26 00:33:42,15-Mar-26 01:40:09,Charlotte FC v Inter Miami CF Under 1.5 Goals-Over/Under 1.5 Goals | Betfair Bet ID 1:421959753710,Lay,1.49,51.02, 25.00 , -25.00 ,Lost
14-Mar-26 23:22:16,15-Mar-26 00:22:42,Columbus v Nashville SC Under 1.5 Goals-Over/Under 1.5 Goals | Betfair Bet ID 1:421952790406,Lay,1.49,51.02, 25.00 , -25.00 ,Lost
14-Mar-26 23:22:37,15-Mar-26 00:18:52,Columbus v Nashville SC Under 0.5 Goals-Over/Under 0.5 Goals | Betfair Bet ID 1:421952815718,Lay,1.98,25.51, 25.00 , 25.51 ,Won
14-Mar-26 22:37:12,14-Mar-26 23:22:59,Deportivo Recoleta v Olimpia Under 2.5 Goals-Over/Under 2.5 Goals | Betfair Bet ID 1:421949242115,Lay,1.49,51.02, 25.00 , -25.00 ,Lost
14-Mar-26 22:37:59,14-Mar-26 23:22:59,Deportivo Recoleta v Olimpia Under 3.5 Goals-Over/Under 3.5 Goals | Betfair Bet ID 1:421949306536,Lay,1.10,123.20, 12.32 , -12.32 ,Lost
14-Mar-26 22:37:27,14-Mar-26 23:22:56,Deportivo Recoleta v Olimpia Under 1.5 Goals-Over/Under 1.5 Goals | Betfair Bet ID 1:421949262839,Lay,1.98,25.51, 25.00 , -25.00 ,Lost
14-Mar-26 21:58:42,14-Mar-26 22:35:28,Arouca v Benfica Under 3.5 Goals-Over/Under 3.5 Goals | Betfair Bet ID 1:421946108486,Lay,1.49,102.04, 50.00 , -50.00 ,Lost
14-Mar-26 21:58:59,14-Mar-26 22:31:47,Arouca v Benfica Under 2.5 Goals-Over/Under 2.5 Goals | Betfair Bet ID 1:421946128920,Lay,1.80,60.00, 48.00 , 60.00 ,Won
14-Mar-26 21:59:10,14-Mar-26 22:31:47,Arouca v Benfica Under 2.5 Goals-Over/Under 2.5 Goals | Betfair Bet ID 1:421946146514,Lay,2.00,2.79, 2.79 , 2.79 ,Won
14-Mar-26 21:25:22,14-Mar-26 21:58:24,Monaco v Brest Under 2.5 Goals-Over/Under 2.5 Goals | Betfair Bet ID 1:421942562196,Lay,1.49,51.02, 25.00 , -25.00 ,Lost
14-Mar-26 21:27:47,14-Mar-26 21:55:58,West Ham v Man City Under 2.5 Goals-Over/Under 2.5 Goals | Betfair Bet ID 1:421942848664,Lay,1.98,25.51, 25.00 , -25.00 ,Lost
14-Mar-26 21:31:57,14-Mar-26 21:55:54,West Ham v Man City Under 3.5 Goals-Over/Under 3.5 Goals | Betfair Bet ID 1:421943320847,Lay,1.21,8.59, 1.80 , -1.80 ,Lost
14-Mar-26 21:32:50,14-Mar-26 21:55:54,West Ham v Man City Under 3.5 Goals-Over/Under 3.5 Goals | Betfair Bet ID 1:421943419823,Lay,1.10,60.00, 6.00 , -6.00 ,Lost
14-Mar-26 21:27:23,14-Mar-26 21:43:09,Monaco v Brest Under 1.5 Goals-Over/Under 1.5 Goals | Betfair Bet ID 1:421942806342,Lay,1.98,25.51, 25.00 , 25.51 ,Won
14-Mar-26 20:42:23,14-Mar-26 21:28:31,Hertha Berlin v Bochum Under 2.5 Goals-Over/Under 2.5 Goals | Betfair Bet ID 1:421937245333,Lay,1.49,51.02, 25.00 , -25.00 ,Lost
14-Mar-26 20:49:28,14-Mar-26 21:23:10,Hertha Berlin v Bochum Under 1.5 Goals-Over/Under 1.5 Goals | Betfair Bet ID 1:421938263957,Lay,2.00,29.59, 29.59 , 29.59 ,Won
14-Mar-26 20:49:57,14-Mar-26 21:23:10,Hertha Berlin v Bochum Under 1.5 Goals-Over/Under 1.5 Goals | Betfair Bet ID 1:421938331722,Lay,1.49,51.02, 25.00 , 51.02 ,Won
14-Mar-26 20:14:30,14-Mar-26 20:49:35,Grenoble v St Etienne Under 1.5 Goals-Over/Under 1.5 Goals | Betfair Bet ID 1:421932605050,Lay,1.40,51.02, 20.41 , -20.41 ,Lost
14-Mar-26 20:15:08,14-Mar-26 20:49:35,Grenoble v St Etienne Under 0.5 Goals-Over/Under 0.5 Goals | Betfair Bet ID 1:421932718014,Lay,2.00,25.00, 25.00 , -25.00 ,Lost
14-Mar-26 18:35:49,14-Mar-26 19:29:18,Arsenal v Everton Under 1.5 Goals-Over/Under 1.5 Goals | Betfair Bet ID 1:421915383833,Lay,1.49,51.02, 25.00 , 51.02 ,Won
14-Mar-26 18:36:04,14-Mar-26 19:24:28,Arsenal v Everton Under 0.5 Goals-Over/Under 0.5 Goals | Betfair Bet ID 1:421915432881,Lay,1.98,25.51, 25.00 , 25.51 ,Won
14-Mar-26 16:30:57,14-Mar-26 16:58:38,Ham-Kam v Viking Under 4.5 Goals-Over/Under 4.5 Goals | Betfair Bet ID 1:421889570991,Lay,1.30,75.00, 22.50 , -22.50 ,Lost
14-Mar-26 16:31:31,14-Mar-26 16:58:38,Ham-Kam v Viking Under 3.5 Goals-Over/Under 3.5 Goals | Betfair Bet ID 1:421889734112,Lay,2.00,27.74, 27.74 , -27.74 ,Lost
14-Mar-26 15:56:28,14-Mar-26 16:29:55,Hoffenheim v Wolfsburg Under 2.5 Goals-Over/Under 2.5 Goals | Betfair Bet ID 1:421879888889,Lay,1.36,100.00, 36.00 , -36.00 ,Lost
14-Mar-26 14:55:59,14-Mar-26 15:27:11,Jagiellonia Bialystock v Piast Gliwice Under 2.5 Goals-Over/Under 2.5 Goals | Betfair Bet ID 1:421861730075,Lay,1.49,51.02, 25.00 , 51.02 ,Won
14-Mar-26 15:12:06,14-Mar-26 15:27:11,Jagiellonia Bialystock v Piast Gliwice Over 2.5 Goals-Over/Under 2.5 Goals | Betfair Bet ID 1:421866594110,Lay,1.60,25.00, 15.00 , -15.00 ,Lost
14-Mar-26 13:05:57,14-Mar-26 14:06:37,Holstein Kiel v Nurnberg Under 5.5 Goals-Over/Under 5.5 Goals | Betfair Bet ID 1:421836793477,Lay,1.49,51.02, 25.00 , -25.00 ,Lost
14-Mar-26 13:43:03,14-Mar-26 14:06:37,Holstein Kiel v Nurnberg Over 5.5 Goals-Over/Under 5.5 Goals | Betfair Bet ID 1:421844812550,Lay,1.81,25.00, 20.25 , 25.00 ,Won
13-Mar-26 20:59:32,13-Mar-26 21:41:04,Marseille v Auxerre Under 3.5 Goals-Over/Under 3.5 Goals | Betfair Bet ID 1:421751454122,Lay,1.03,100.00, 3.00 , -3.00 ,Lost
13-Mar-26 20:58:51,13-Mar-26 21:40:53,Marseille v Auxerre Under 1.5 Goals-Over/Under 1.5 Goals | Betfair Bet ID 1:421751343614,Lay,1.49,102.04, 50.00 , -50.00 ,Lost
13-Mar-26 20:59:53,13-Mar-26 21:40:53,Marseille v Auxerre Under 2.5 Goals-Over/Under 2.5 Goals | Betfair Bet ID 1:421751505369,Lay,1.10,100.00, 10.00 , -10.00 ,Lost
13-Mar-26 21:22:25,13-Mar-26 21:40:53,Marseille v Auxerre Over 1.5 Goals-Over/Under 1.5 Goals | Betfair Bet ID 1:421755022257,Lay,2.30,50.00, 65.00 , 50.00 ,Won
13-Mar-26 20:12:12,13-Mar-26 20:58:29,Jong Ajax Amsterdam v Den Bosch Under 5.5 Goals-Over/Under 5.5 Goals | Betfair Bet ID 1:421741565194,Lay,1.49,102.04, 50.00 , -50.00 ,Lost
13-Mar-26 20:41:46,13-Mar-26 20:58:29,Jong Ajax Amsterdam v Den Bosch Over 5.5 Goals-Over/Under 5.5 Goals | Betfair Bet ID 1:421748345453,Lay,2.40,49.99, 69.99 , 49.99 ,Won
13-Mar-26 20:24:10,13-Mar-26 20:41:55,Jong Ajax Amsterdam v Den Bosch Under 4.5 Goals-Over/Under 4.5 Goals | Betfair Bet ID 1:421744668984,Lay,2.00,2.40, 2.40 , 2.40 ,Won
13-Mar-26 19:00:00,13-Mar-26 19:29:05,Greuther Furth v Elversberg Under 2.5 Goals-Over/Under 2.5 Goals | Betfair Bet ID 1:421723568073,Lay,1.30,100.00, 30.00 , -30.00 ,Lost
13-Mar-26 19:00:06,13-Mar-26 19:29:05,Greuther Furth v Elversberg Under 2.5 Goals-Over/Under 2.5 Goals | Betfair Bet ID 1:421723612961,Lay,1.20,100.00, 20.00 , -20.00 ,Lost
13-Mar-26 19:00:16,13-Mar-26 19:27:15,Greuther Furth v Elversberg Under 1.5 Goals-Over/Under 1.5 Goals | Betfair Bet ID 1:421723665026,Lay,1.80,62.50, 50.00 , 62.50 ,Won
13-Mar-26 18:09:55,13-Mar-26 18:59:29,Fatih Karagumruk Istanbul v Fenerbahce Under 3.5 Goals-Over/Under 3.5 Goals | Betfair Bet ID 1:421714240212,Lay,1.90,26.50, 23.85 , -23.85 ,Lost
13-Mar-26 18:10:05,13-Mar-26 18:59:29,Fatih Karagumruk Istanbul v Fenerbahce Under 2.5 Goals-Over/Under 2.5 Goals | Betfair Bet ID 1:421714279447,Lay,1.80,62.50, 50.00 , -50.00 ,Lost
12-Mar-26 23:37:11,13-Mar-26 00:08:56,Vasco Da Gama v SE Palmeiras Under 2.5 Goals-Over/Under 2.5 Goals | Betfair Bet ID 1:421631428079,Lay,1.49,102.04, 50.00 , 102.04 ,Won
12-Mar-26 23:54:49,13-Mar-26 00:08:56,Vasco Da Gama v SE Palmeiras Under 2.5 Goals-Over/Under 2.5 Goals | Betfair Bet ID 1:421633063880,Back,2.48,45.53, -- , -45.53 ,Lost
12-Mar-26 23:54:49,13-Mar-26 00:08:56,Vasco Da Gama v SE Palmeiras Under 2.5 Goals-Over/Under 2.5 Goals | Betfair Bet ID 1:421633063881,Back,2.46,16.40, -- , -16.40 ,Lost
12-Mar-26 23:55:01,13-Mar-26 00:08:56,Vasco Da Gama v SE Palmeiras Over 2.5 Goals-Over/Under 2.5 Goals | Betfair Bet ID 1:421633081383,Back,1.69,0.75, -- , 0.52 ,Won
12-Mar-26 20:48:06,12-Mar-26 21:51:45,Crystal Palace v AEK Larnaca Under 0.5 Goals-Over/Under 0.5 Goals | Betfair Bet ID 1:421617626147,Lay,1.80,62.50, 50.00 , -50.00 ,Lost
12-Mar-26 20:47:29,12-Mar-26 21:51:44,Crystal Palace v AEK Larnaca Under 1.5 Goals-Over/Under 1.5 Goals | Betfair Bet ID 1:421617573481,Lay,1.49,102.04, 50.00 , -50.01 ,Lost
12-Mar-26 20:47:38,12-Mar-26 21:21:46,Fiorentina v Rakow Czestochowa Under 1.5 Goals-Over/Under 1.5 Goals | Betfair Bet ID 1:421617589023,Lay,1.49,102.04, 50.00 , 102.04 ,Won
12-Mar-26 21:19:45,12-Mar-26 21:21:46,Fiorentina v Rakow Czestochowa Under 1.5 Goals-Over/Under 1.5 Goals | Betfair Bet ID 1:421620732305,Back,2.88,53.16, -- , -53.16 ,Lost
12-Mar-26 21:19:53,12-Mar-26 21:21:46,Fiorentina v Rakow Czestochowa Under 1.5 Goals-Over/Under 1.5 Goals | Betfair Bet ID 1:421620747536,Lay,2.90,0.28, 0.53 , 0.28 ,Won
11-Mar-26 23:34:48,12-Mar-26 00:13:18,Boca Juniors v San Lorenzo Under 1.5 Goals-Over/Under 1.5 Goals | Betfair Bet ID 1:421524393371,Lay,1.30,100.00, 30.00 , 100.00 ,Won
12-Mar-26 00:03:17,12-Mar-26 00:13:18,Boca Juniors v San Lorenzo Under 1.5 Goals-Over/Under 1.5 Goals | Betfair Bet ID 1:421526805162,Back,2.26,43.73, -- , -43.73 ,Lost
12-Mar-26 00:03:17,12-Mar-26 00:13:18,Boca Juniors v San Lorenzo Under 1.5 Goals-Over/Under 1.5 Goals | Betfair Bet ID 1:421526805163,Back,2.26,13.91, -- , -13.91 ,Lost
12-Mar-26 00:03:29,12-Mar-26 00:13:18,Boca Juniors v San Lorenzo Over 1.5 Goals-Over/Under 1.5 Goals | Betfair Bet ID 1:421526819003,Back,1.80,0.15, -- , 0.12 ,Won
11-Mar-26 21:05:57,11-Mar-26 21:53:20,Real Madrid v Man City Under 3.5 Goals-Over/Under 3.5 Goals | Betfair Bet ID 1:421511628501,Lay,1.80,62.50, 50.00 , -50.00 ,Lost
11-Mar-26 21:05:45,11-Mar-26 21:53:15,Real Madrid v Man City Under 4.5 Goals-Over/Under 4.5 Goals | Betfair Bet ID 1:421511609916,Lay,1.49,102.04, 50.00 , -50.00 ,Lost
11-Mar-26 21:07:32,11-Mar-26 21:47:11,West Brom v Southampton Under 2.5 Goals-Over/Under 2.5 Goals | Betfair Bet ID 1:421511857465,Lay,1.40,100.00, 40.00 , -40.00 ,Lost
11-Mar-26 21:07:43,11-Mar-26 21:47:11,West Brom v Southampton Under 2.5 Goals-Over/Under 2.5 Goals | Betfair Bet ID 1:421511882269,Lay,1.10,100.00, 10.00 , -10.00 ,Lost
11-Mar-26 20:42:26,11-Mar-26 21:41:09,West Brom v Southampton Under 1.5 Goals-Over/Under 1.5 Goals | Betfair Bet ID 1:421508984626,Lay,1.80,62.50, 50.00 , 62.50 ,Won
11-Mar-26 21:09:07,11-Mar-26 21:40:39,Middlesbrough v Charlton Under 1.5 Goals-Over/Under 1.5 Goals | Betfair Bet ID 1:421512086927,Lay,1.40,50.00, 20.00 , -20.00 ,Lost
11-Mar-26 21:09:11,11-Mar-26 21:40:39,Middlesbrough v Charlton Under 1.5 Goals-Over/Under 1.5 Goals | Betfair Bet ID 1:421512094240,Lay,1.30,50.00, 15.00 , -15.01 ,Lost
11-Mar-26 21:09:21,11-Mar-26 21:40:39,Middlesbrough v Charlton Under 1.5 Goals-Over/Under 1.5 Goals | Betfair Bet ID 1:421512122081,Lay,1.10,50.00, 5.00 , -5.00 ,Lost
11-Mar-26 21:09:58,11-Mar-26 21:40:39,Middlesbrough v Charlton Under 1.5 Goals-Over/Under 1.5 Goals | Betfair Bet ID 1:421512212859,Lay,1.20,50.00, 10.00 , -10.00 ,Lost
11-Mar-26 21:08:46,11-Mar-26 21:40:37,Middlesbrough v Charlton Under 2.5 Goals-Over/Under 2.5 Goals | Betfair Bet ID 1:421512039493,Lay,1.20,150.00, 30.00 , -30.00 ,Lost
11-Mar-26 21:08:56,11-Mar-26 21:40:37,Middlesbrough v Charlton Under 2.5 Goals-Over/Under 2.5 Goals | Betfair Bet ID 1:421512062316,Lay,1.10,200.00, 20.00 , -20.00 ,Lost
10-Mar-26 21:01:23,10-Mar-26 21:44:00,Sheff Wed v Watford Under 2.5 Goals-Over/Under 2.5 Goals | Betfair Bet ID 1:421409830596,Lay,1.10,200.00, 20.00 , -20.00 ,Lost
10-Mar-26 21:01:31,10-Mar-26 21:44:00,Sheff Wed v Watford Under 2.5 Goals-Over/Under 2.5 Goals | Betfair Bet ID 1:421409858309,Lay,1.20,150.00, 30.00 , -30.00 ,Lost
10-Mar-26 21:37:35,10-Mar-26 21:44:00,Sheff Wed v Watford Under 2.5 Goals-Over/Under 2.5 Goals | Betfair Bet ID 1:421415822177,Back,1.21,93.15, -- , 19.70 ,Won
10-Mar-26 21:37:35,10-Mar-26 21:44:00,Sheff Wed v Watford Under 2.5 Goals-Over/Under 2.5 Goals | Betfair Bet ID 1:421415822178,Back,1.20,182.65, -- , 36.73 ,Won
10-Mar-26 21:37:35,10-Mar-26 21:44:00,Sheff Wed v Watford Under 2.5 Goals-Over/Under 2.5 Goals | Betfair Bet ID 1:421415822179,Back,1.20,57.71, -- , 11.33 ,Won
10-Mar-26 21:38:49,10-Mar-26 21:44:00,Sheff Wed v Watford Under 2.5 Goals-Over/Under 2.5 Goals | Betfair Bet ID 1:421415928721,Lay,1.19,1.05, 0.20 , -0.20 ,Lost
10-Mar-26 20:56:49,10-Mar-26 21:39:31,Barnsley v Cardiff Under 3.5 Goals-Over/Under 3.5 Goals | Betfair Bet ID 1:421408944901,Lay,1.49,102.04, 50.00 , -50.01 ,Lost
10-Mar-26 20:57:53,10-Mar-26 21:39:30,Barnsley v Cardiff Under 2.5 Goals-Over/Under 2.5 Goals | Betfair Bet ID 1:421409148608,Lay,1.80,62.50, 50.00 , -50.00 ,Lost
10-Mar-26 21:01:47,10-Mar-26 21:36:39,Sheff Wed v Watford Under 1.5 Goals-Over/Under 1.5 Goals | Betfair Bet ID 1:421409904990,Lay,1.40,50.00, 20.00 , 50.00 ,Won
10-Mar-26 21:02:02,10-Mar-26 21:36:39,Sheff Wed v Watford Under 1.5 Goals-Over/Under 1.5 Goals | Betfair Bet ID 1:421409954016,Lay,1.30,50.00, 15.00 , 50.00 ,Won
09-Mar-26 20:21:36,09-Mar-26 21:16:29,Almeria v Leonesa Under 2.5 Goals-Over/Under 2.5 Goals | Betfair Bet ID 1:421307509222,Lay,1.49,102.04, 50.00 , 102.04 ,Won
09-Mar-26 21:08:33,09-Mar-26 21:16:29,Almeria v Leonesa Under 2.5 Goals-Over/Under 2.5 Goals | Betfair Bet ID 1:421312729735,Back,1.54,98.72, -- , -98.72 ,Lost
09-Mar-26 20:21:46,09-Mar-26 21:09:53,Almeria v Leonesa Under 1.5 Goals-Over/Under 1.5 Goals | Betfair Bet ID 1:421307528186,Lay,1.80,62.50, 50.00 , 62.50 ,Won
08-Mar-26 21:07:02,08-Mar-26 21:40:52,Lyon v Paris FC Under 2.5 Goals-Over/Under 2.5 Goals | Betfair Bet ID 1:421221343628,Lay,1.20,150.00, 30.00 , -30.00 ,Lost
08-Mar-26 21:07:09,08-Mar-26 21:40:52,Lyon v Paris FC Under 2.5 Goals-Over/Under 2.5 Goals | Betfair Bet ID 1:421221359604,Lay,1.10,200.00, 20.00 , -20.00 ,Lost
08-Mar-26 21:07:17,08-Mar-26 21:38:17,Lyon v Paris FC Under 1.5 Goals-Over/Under 1.5 Goals | Betfair Bet ID 1:421221376941,Lay,1.40,50.00, 20.00 , 50.00 ,Won
08-Mar-26 21:07:23,08-Mar-26 21:38:17,Lyon v Paris FC Under 1.5 Goals-Over/Under 1.5 Goals | Betfair Bet ID 1:421221390897,Lay,1.30,50.00, 15.00 , 50.00 ,Won
08-Mar-26 19:38:10,08-Mar-26 20:08:24,Benfica v Porto Under 4.5 Goals-Over/Under 4.5 Goals | Betfair Bet ID 1:421211326648,Lay,1.20,50.00, 10.00 , -10.00 ,Lost
08-Mar-26 19:38:21,08-Mar-26 20:08:24,Benfica v Porto Under 4.5 Goals-Over/Under 4.5 Goals | Betfair Bet ID 1:421211347824,Lay,1.10,100.00, 10.00 , -10.00 ,Lost
08-Mar-26 19:15:27,08-Mar-26 20:00:04,Benfica v Porto Under 3.5 Goals-Over/Under 3.5 Goals | Betfair Bet ID 1:421208687620,Lay,1.49,102.04, 50.00 , 102.04 ,Won
08-Mar-26 19:37:04,08-Mar-26 20:00:04,Benfica v Porto Under 3.5 Goals-Over/Under 3.5 Goals | Betfair Bet ID 1:421211212626,Back,2.56,59.85, -- , -59.85 ,Lost
08-Mar-26 19:37:12,08-Mar-26 20:00:04,Benfica v Porto Under 3.5 Goals-Over/Under 3.5 Goals | Betfair Bet ID 1:421211225884,Lay,2.62,0.55, 0.89 , 0.55 ,Won
08-Mar-26 18:05:53,08-Mar-26 19:02:28,Fenerbahce v Samsunspor Under 4.5 Goals-Over/Under 4.5 Goals | Betfair Bet ID 1:421199321331,Lay,1.49,102.04, 50.00 , 102.04 ,Won
08-Mar-26 18:15:37,08-Mar-26 18:55:39,Fenerbahce v Samsunspor Under 3.5 Goals-Over/Under 3.5 Goals | Betfair Bet ID 1:421200854362,Lay,2.00,67.55, 67.55 , 67.55 ,Won
08-Mar-26 17:17:49,08-Mar-26 17:53:36,Sturm Graz v SCR Altach Under 2.5 Goals-Over/Under 2.5 Goals | Betfair Bet ID 1:421191031166,Lay,1.20,150.00, 30.00 , -30.00 ,Lost
08-Mar-26 17:17:57,08-Mar-26 17:53:36,Sturm Graz v SCR Altach Under 2.5 Goals-Over/Under 2.5 Goals | Betfair Bet ID 1:421191057267,Lay,1.10,200.00, 20.00 , -20.00 ,Lost
08-Mar-26 17:42:28,08-Mar-26 17:53:36,Sturm Graz v SCR Altach Over 2.5 Goals-Over/Under 2.5 Goals | Betfair Bet ID 1:421195784818,Lay,3.55,50.00, 127.50 , 50.00 ,Won
08-Mar-26 17:42:43,08-Mar-26 17:53:36,Sturm Graz v SCR Altach Under 2.5 Goals-Over/Under 2.5 Goals | Betfair Bet ID 1:421195833892,Back,1.36,65.93, -- , 23.67 ,Won
08-Mar-26 17:42:43,08-Mar-26 17:53:36,Sturm Graz v SCR Altach Under 2.5 Goals-Over/Under 2.5 Goals | Betfair Bet ID 1:421195833894,Back,1.34,102.01, -- , 34.47 ,Won
08-Mar-26 17:42:50,08-Mar-26 17:53:36,Sturm Graz v SCR Altach Under 2.5 Goals-Over/Under 2.5 Goals | Betfair Bet ID 1:421195861035,Lay,1.38,2.42, 0.92 , -0.92 ,Lost
08-Mar-26 17:43:47,08-Mar-26 17:46:07,Brest v Le Havre Under 1.5 Goals-Over/Under 1.5 Goals | Betfair Bet ID 1:421196041251,Lay,1.97,51.02, 49.49 , 51.02 ,Won
08-Mar-26 16:52:43,08-Mar-26 17:39:44,Cambuur Leeuwarden v Jong FC Utrecht Under 1.5 Goals-Over/Under 1.5 Goals | Betfair Bet ID 1:421186035469,Lay,1.49,102.04, 50.00 , -50.00 ,Lost
08-Mar-26 16:52:35,08-Mar-26 17:39:01,CSKA Sofia v Lokomotiv Sofia Under 2.5 Goals-Over/Under 2.5 Goals | Betfair Bet ID 1:421186006606,Lay,1.49,102.04, 50.00 , -50.04 ,Lost
08-Mar-26 17:25:53,08-Mar-26 17:39:01,CSKA Sofia v Lokomotiv Sofia Over 2.5 Goals-Over/Under 2.5 Goals | Betfair Bet ID 1:421192606841,Lay,3.00,50.00, 100.00 , 50.00 ,Won
08-Mar-26 17:02:40,08-Mar-26 17:26:47,CSKA Sofia v Lokomotiv Sofia Under 1.5 Goals-Over/Under 1.5 Goals | Betfair Bet ID 1:421188006562,Lay,1.80,62.50, 50.00 , 62.50 ,Won
08-Mar-26 16:32:40,08-Mar-26 16:53:03,Crvena Zvezda v FK Napredak Under 5.5 Goals-Over/Under 5.5 Goals | Betfair Bet ID 1:421182027316,Lay,1.30,100.00, 30.00 , -30.00 ,Lost
08-Mar-26 16:33:13,08-Mar-26 16:53:03,Crvena Zvezda v FK Napredak Under 4.5 Goals-Over/Under 4.5 Goals | Betfair Bet ID 1:421182149019,Lay,1.80,37.00, 29.60 , -29.60 ,Lost
08-Mar-26 15:58:19,08-Mar-26 16:30:06,St Pauli v Eintracht Frankfurt Under 0.5 Goals-Over/Under 0.5 Goals | Betfair Bet ID 1:421175207483,Lay,1.98,102.04, 100.00 , -100.00 ,Lost
08-Mar-26 15:30:03,08-Mar-26 15:58:59,Bologna v Verona Under 3.5 Goals-Over/Under 3.5 Goals | Betfair Bet ID 1:421169841808,Lay,1.40,50.00, 20.00 , -20.00 ,Lost
08-Mar-26 15:30:11,08-Mar-26 15:58:59,Bologna v Verona Under 3.5 Goals-Over/Under 3.5 Goals | Betfair Bet ID 1:421169873864,Lay,1.30,50.00, 15.00 , -15.00 ,Lost
08-Mar-26 15:30:16,08-Mar-26 15:58:59,Bologna v Verona Under 3.5 Goals-Over/Under 3.5 Goals | Betfair Bet ID 1:421169894847,Lay,1.20,50.00, 10.00 , -10.00 ,Lost
08-Mar-26 15:30:21,08-Mar-26 15:58:59,Bologna v Verona Under 3.5 Goals-Over/Under 3.5 Goals | Betfair Bet ID 1:421169913481,Lay,1.10,50.00, 5.00 , -5.00 ,Lost
08-Mar-26 15:29:44,08-Mar-26 15:58:55,Bologna v Verona Under 4.5 Goals-Over/Under 4.5 Goals | Betfair Bet ID 1:421169763244,Lay,1.20,150.00, 30.00 , -30.00 ,Lost
08-Mar-26 15:29:52,08-Mar-26 15:58:55,Bologna v Verona Under 4.5 Goals-Over/Under 4.5 Goals | Betfair Bet ID 1:421169791689,Lay,1.10,200.00, 20.00 , -20.00 ,Lost
08-Mar-26 14:54:45,08-Mar-26 15:28:06,Port Vale v Sunderland Under 2.5 Goals-Over/Under 2.5 Goals | Betfair Bet ID 1:421163031048,Lay,1.30,100.00, 30.00 , -30.00 ,Lost
08-Mar-26 14:54:59,08-Mar-26 15:28:06,Port Vale v Sunderland Under 2.5 Goals-Over/Under 2.5 Goals | Betfair Bet ID 1:421163061508,Lay,1.20,100.00, 20.00 , -20.00 ,Lost
08-Mar-26 14:55:56,08-Mar-26 15:28:05,Port Vale v Sunderland Under 1.5 Goals-Over/Under 1.5 Goals | Betfair Bet ID 1:421163232906,Lay,1.80,62.50, 50.00 , -50.00 ,Lost
08-Mar-26 13:27:32,08-Mar-26 14:25:05,Karlsruhe v Dynamo Dresden Under 5.5 Goals-Over/Under 5.5 Goals | Betfair Bet ID 1:421144407222,Lay,1.49,102.04, 50.00 , 102.04 ,Won
08-Mar-26 13:58:25,08-Mar-26 14:25:05,Karlsruhe v Dynamo Dresden Under 5.5 Goals-Over/Under 5.5 Goals | Betfair Bet ID 1:421150823274,Back,2.58,59.85, -- , -59.85 ,Lost
08-Mar-26 13:58:34,08-Mar-26 14:25:05,Karlsruhe v Dynamo Dresden Over 5.5 Goals-Over/Under 5.5 Goals | Betfair Bet ID 1:421150850389,Back,1.60,1.49, -- , 0.89 ,Won
07-Mar-26 22:56:43,07-Mar-26 23:37:28,DC Utd v Inter Miami CF Under 3.5 Goals-Over/Under 3.5 Goals | Betfair Bet ID 1:421066131401,Lay,1.49,102.04, 50.00 , -49.99 ,Lost
07-Mar-26 23:15:10,07-Mar-26 23:37:28,DC Utd v Inter Miami CF Over 3.5 Goals-Over/Under 3.5 Goals | Betfair Bet ID 1:421067491531,Lay,2.14,50.00, 57.00 , 50.00 ,Won
07-Mar-26 21:15:43,07-Mar-26 21:56:16,Athletic Bilbao v Barcelona Under 1.5 Goals-Over/Under 1.5 Goals | Betfair Bet ID 1:421055261275,Lay,1.49,102.04, 50.00 , -50.00 ,Lost
07-Mar-26 21:27:44,07-Mar-26 21:56:16,Athletic Bilbao v Barcelona Under 1.5 Goals-Over/Under 1.5 Goals | Betfair Bet ID 1:421056943304,Back,3.00,51.36, -- , 102.72 ,Won
07-Mar-26 21:27:52,07-Mar-26 21:56:16,Athletic Bilbao v Barcelona Over 1.5 Goals-Over/Under 1.5 Goals | Betfair Bet ID 1:421056959814,Back,1.49,1.36, -- , -1.36 ,Lost
07-Mar-26 21:34:47,07-Mar-26 21:56:13,Athletic Bilbao v Barcelona Under 2.5 Goals-Over/Under 2.5 Goals | Betfair Bet ID 1:421057899342,Lay,1.20,150.00, 30.00 , -30.01 ,Lost
07-Mar-26 21:35:01,07-Mar-26 21:56:13,Athletic Bilbao v Barcelona Under 2.5 Goals-Over/Under 2.5 Goals | Betfair Bet ID 1:421057926202,Lay,1.10,200.00, 20.00 , -20.01 ,Lost
07-Mar-26 19:48:13,07-Mar-26 21:02:54,Al Nassr v NEOM Sports Club Under 1.5 Goals-Over/Under 1.5 Goals | Betfair Bet ID 1:421040464650,Lay,1.98,51.02, 50.00 , -50.00 ,Lost
07-Mar-26 20:18:21,07-Mar-26 20:57:56,Al Nassr v NEOM Sports Club Under 0.5 Goals-Over/Under 0.5 Goals | Betfair Bet ID 1:421046256539,Lay,1.80,62.50, 50.00 , 62.50 ,Won
07-Mar-26 19:48:06,07-Mar-26 20:54:53,PSV v AZ Alkmaar Under 3.5 Goals-Over/Under 3.5 Goals | Betfair Bet ID 1:421040435321,Lay,1.98,51.02, 50.00 , -50.00 ,Lost
07-Mar-26 20:18:03,07-Mar-26 20:47:41,PSV v AZ Alkmaar Under 2.5 Goals-Over/Under 2.5 Goals | Betfair Bet ID 1:421046201550,Lay,1.80,62.50, 50.00 , 62.50 ,Won
07-Mar-26 18:58:00,07-Mar-26 19:05:08,Atletico Madrid v Real Sociedad Under 3.5 Goals-Over/Under 3.5 Goals | Betfair Bet ID 1:421031641786,Lay,1.49,102.04, 50.00 , 102.04 ,Won
07-Mar-26 19:03:07,07-Mar-26 19:05:08,Atletico Madrid v Real Sociedad Under 3.5 Goals-Over/Under 3.5 Goals | Betfair Bet ID 1:421032531602,Back,2.70,56.31, -- , -56.31 ,Lost
07-Mar-26 18:06:05,07-Mar-26 18:52:03,Sion v Winterthur Under 2.5 Goals-Over/Under 2.5 Goals | Betfair Bet ID 1:421023115919,Lay,2.00,28.98, 28.98 , -28.98 ,Lost
07-Mar-26 17:17:36,07-Mar-26 18:03:11,AEK Athens v Athlitiki Enosi Larissa Under 1.5 Goals-Over/Under 1.5 Goals | Betfair Bet ID 1:421014086204,Lay,1.80,62.50, 50.00 , -50.00 ,Lost
07-Mar-26 17:17:28,07-Mar-26 18:03:07,AEK Athens v Athlitiki Enosi Larissa Under 2.5 Goals-Over/Under 2.5 Goals | Betfair Bet ID 1:421014062920,Lay,1.49,102.04, 50.00 , -50.00 ,Lost
07-Mar-26 16:16:55,07-Mar-26 16:55:19,Ipswich v Leicester Under 2.5 Goals-Over/Under 2.5 Goals | Betfair Bet ID 1:420999617092,Lay,1.20,150.00, 30.00 , -30.00 ,Lost
07-Mar-26 16:33:46,07-Mar-26 16:55:19,Ipswich v Leicester Under 2.5 Goals-Over/Under 2.5 Goals | Betfair Bet ID 1:421004207561,Back,1.87,70.85, -- , 61.45 ,Won
07-Mar-26 16:33:46,07-Mar-26 16:55:19,Ipswich v Leicester Under 2.5 Goals-Over/Under 2.5 Goals | Betfair Bet ID 1:421004207562,Back,1.82,29.00, -- , 23.69 ,Won
07-Mar-26 16:33:54,07-Mar-26 16:55:19,Ipswich v Leicester Over 2.5 Goals-Over/Under 2.5 Goals | Betfair Bet ID 1:421004241184,Back,2.08,2.39, -- , -2.39 ,Lost
07-Mar-26 16:12:03,07-Mar-26 16:45:30,Bjarg v Viking Under 2.5 Goals-Over/Under 2.5 Goals | Betfair Bet ID 1:420998204180,Lay,1.49,102.04, 50.00 , 102.04 ,Won
07-Mar-26 16:12:15,07-Mar-26 16:41:42,Bjarg v Viking Under 1.5 Goals-Over/Under 1.5 Goals | Betfair Bet ID 1:420998262059,Lay,1.80,62.50, 50.00 , 62.50 ,Won
07-Mar-26 15:31:43,07-Mar-26 16:24:14,RB Leipzig v Augsburg Under 2.5 Goals-Over/Under 2.5 Goals | Betfair Bet ID 1:420987094738,Lay,1.98,51.02, 50.00 , 51.02 ,Won
07-Mar-26 16:08:15,07-Mar-26 16:24:14,RB Leipzig v Augsburg Under 2.5 Goals-Over/Under 2.5 Goals | Betfair Bet ID 1:420997108156,Back,2.30,43.92, -- , -43.92 ,Lost
07-Mar-26 16:10:13,07-Mar-26 16:24:14,RB Leipzig v Augsburg Under 2.5 Goals-Over/Under 2.5 Goals | Betfair Bet ID 1:420997673439,Lay,2.00,6.98, 6.98 , 6.98 ,Won
07-Mar-26 15:31:56,07-Mar-26 16:06:39,Mainz v Stuttgart Under 2.5 Goals-Over/Under 2.5 Goals | Betfair Bet ID 1:420987159698,Lay,1.49,102.04, 50.00 , 102.04 ,Won
07-Mar-26 16:04:52,07-Mar-26 16:06:39,Mainz v Stuttgart Over 2.5 Goals-Over/Under 2.5 Goals | Betfair Bet ID 1:420996204581,Lay,2.12,50.00, 56.00 , -56.00 ,Lost
06-Mar-26 20:56:18,06-Mar-26 21:23:43,Lechia Gdansk v Jagiellonia Bialystock Under 2.5 Goals-Over/Under 2.5 Goals | Betfair Bet ID 1:420863800746,Lay,1.20,150.00, 30.00 , 150.00 ,Won
06-Mar-26 20:56:23,06-Mar-26 21:23:43,Lechia Gdansk v Jagiellonia Bialystock Under 2.5 Goals-Over/Under 2.5 Goals | Betfair Bet ID 1:420863816301,Lay,1.10,200.00, 20.00 , 200.00 ,Won
06-Mar-26 21:08:45,06-Mar-26 21:23:43,Lechia Gdansk v Jagiellonia Bialystock Under 2.5 Goals-Over/Under 2.5 Goals | Betfair Bet ID 1:420865829787,Back,1.38,67.74, -- , -67.74 ,Lost
06-Mar-26 21:08:45,06-Mar-26 21:23:43,Lechia Gdansk v Jagiellonia Bialystock Under 2.5 Goals-Over/Under 2.5 Goals | Betfair Bet ID 1:420865829788,Back,1.38,69.43, -- , -69.43 ,Lost
06-Mar-26 21:08:45,06-Mar-26 21:23:43,Lechia Gdansk v Jagiellonia Bialystock Under 2.5 Goals-Over/Under 2.5 Goals | Betfair Bet ID 1:420865829789,Back,1.38,157.76, -- , -157.76 ,Lost
06-Mar-26 21:08:54,06-Mar-26 21:23:43,Lechia Gdansk v Jagiellonia Bialystock Over 2.5 Goals-Over/Under 2.5 Goals | Betfair Bet ID 1:420865850572,Back,3.50,1.80, -- , 4.50 ,Won
06-Mar-26 19:59:20,06-Mar-26 20:52:55,Roda JC v Jong PSV Eindhoven Under 2.5 Goals-Over/Under 2.5 Goals | Betfair Bet ID 1:420851534054,Lay,1.98,51.02, 50.00 , -50.00 ,Lost
06-Mar-26 20:27:10,06-Mar-26 20:45:14,Al-Hilal v Al Najma Club Under 2.5 Goals-Over/Under 2.5 Goals | Betfair Bet ID 1:420858408189,Lay,1.49,102.04, 50.00 , 102.04 ,Won
06-Mar-26 20:41:50,06-Mar-26 20:45:14,Al-Hilal v Al Najma Club Over 2.5 Goals-Over/Under 2.5 Goals | Betfair Bet ID 1:420861358358,Lay,2.10,50.00, 55.00 , -54.80 ,Lost
06-Mar-26 19:53:35,06-Mar-26 20:38:36,FC Eindhoven v Jong Ajax Amsterdam Under 2.5 Goals-Over/Under 2.5 Goals | Betfair Bet ID 1:420850255884,Lay,1.98,51.02, 50.00 , 51.02 ,Won
06-Mar-26 17:23:44,06-Mar-26 17:56:01,Rigas Futbola Skola v Ogre United Under 2.5 Goals-Over/Under 2.5 Goals | Betfair Bet ID 1:420822385784,Lay,1.25,100.00, 25.00 , -25.00 ,Lost
06-Mar-26 17:10:08,06-Mar-26 17:51:09,Rigas Futbola Skola v Ogre United Under 1.5 Goals-Over/Under 1.5 Goals | Betfair Bet ID 1:420820261941,Lay,1.98,51.02, 50.00 , 51.02 ,Won
06-Mar-26 17:23:05,06-Mar-26 17:51:09,Rigas Futbola Skola v Ogre United Under 1.5 Goals-Over/Under 1.5 Goals | Betfair Bet ID 1:420822295726,Back,4.22,24.05, -- , -24.05 ,Lost
05-Mar-26 20:54:20,05-Mar-26 22:01:08,Tottenham v Crystal Palace Under 5.5 Goals-Over/Under 5.5 Goals | Betfair Bet ID 1:420737192379,Lay,1.49,102.04, 50.00 , -50.00 ,Lost
05-Mar-26 20:55:02,05-Mar-26 22:01:08,Tottenham v Crystal Palace Under 4.5 Goals-Over/Under 4.5 Goals | Betfair Bet ID 1:420737268195,Lay,1.80,66.00, 52.80 , -52.80 ,Lost
04-Mar-26 21:05:41,04-Mar-26 21:28:31,Fulham v West Ham Under 2.5 Goals-Over/Under 2.5 Goals | Betfair Bet ID 1:420633310996,Lay,1.10,100.00, 10.00 , -10.00 ,Lost
04-Mar-26 21:05:56,04-Mar-26 21:28:31,Fulham v West Ham Over 1.5 Goals-Over/Under 1.5 Goals | Betfair Bet ID 1:420633346541,Back,2.22,50.00, -- , -50.00 ,Lost
04-Mar-26 20:25:39,04-Mar-26 21:03:24,Frosinone v Pescara Under 3.5 Goals-Over/Under 3.5 Goals | Betfair Bet ID 1:420627034105,Lay,1.49,102.04, 50.00 , 102.04 ,Won
04-Mar-26 20:34:58,04-Mar-26 20:53:37,Frosinone v Pescara Under 2.5 Goals-Over/Under 2.5 Goals | Betfair Bet ID 1:420628604202,Lay,2.00,57.48, 57.48 , 57.48 ,Won
04-Mar-26 19:58:53,04-Mar-26 20:42:08,Rot-Weiss Essen v Waldhof Mannheim Under 2.5 Goals-Over/Under 2.5 Goals | Betfair Bet ID 1:420621845832,Lay,1.49,59.80, 29.30 , -29.30 ,Lost
04-Mar-26 20:11:08,04-Mar-26 20:42:08,Rot-Weiss Essen v Waldhof Mannheim Under 2.5 Goals-Over/Under 2.5 Goals | Betfair Bet ID 1:420624357522,Lay,1.20,100.00, 20.00 , -20.00 ,Lost
04-Mar-26 19:59:54,04-Mar-26 20:23:51,Gaziantep FK v Fenerbahce Under 3.5 Goals-Over/Under 3.5 Goals | Betfair Bet ID 1:420622055244,Lay,1.40,100.00, 40.00 , 100.00 ,Won
04-Mar-26 20:00:10,04-Mar-26 20:16:54,Gaziantep FK v Fenerbahce Under 2.5 Goals-Over/Under 2.5 Goals | Betfair Bet ID 1:420622122147,Lay,2.00,59.99, 59.99 , 59.99 ,Won
04-Mar-26 19:18:47,04-Mar-26 19:56:37,Alemannia Aachen v Schweinfurt Under 2.5 Goals-Over/Under 2.5 Goals | Betfair Bet ID 1:420614064478,Lay,1.49,102.04, 50.00 , -50.01 ,Lost
04-Mar-26 19:19:04,04-Mar-26 19:56:36,Alemannia Aachen v Schweinfurt Under 1.5 Goals-Over/Under 1.5 Goals | Betfair Bet ID 1:420614117933,Lay,2.00,71.21, 71.21 , -71.21 ,Lost
04-Mar-26 18:23:49,04-Mar-26 18:57:37,Red Bull Salzburg v SCR Altach Under 1.5 Goals-Over/Under 1.5 Goals | Betfair Bet ID 1:420606382178,Lay,1.80,62.50, 50.00 , -50.00 ,Lost
04-Mar-26 18:23:32,04-Mar-26 18:57:36,Red Bull Salzburg v SCR Altach Under 2.5 Goals-Over/Under 2.5 Goals | Betfair Bet ID 1:420606341936,Lay,1.30,100.00, 30.00 , -30.00 ,Lost
04-Mar-26 18:23:35,04-Mar-26 18:57:36,Red Bull Salzburg v SCR Altach Under 2.5 Goals-Over/Under 2.5 Goals | Betfair Bet ID 1:420606348544,Lay,1.20,100.00, 20.00 , -20.00 ,Lost
04-Mar-26 17:45:58,04-Mar-26 18:26:39,CSKA Sofia v Botev Vratsa Under 1.5 Goals-Over/Under 1.5 Goals | Betfair Bet ID 1:420601620096,Lay,1.49,102.04, 50.00 , -50.01 ,Lost
04-Mar-26 17:58:58,04-Mar-26 18:26:39,CSKA Sofia v Botev Vratsa Under 1.5 Goals-Over/Under 1.5 Goals | Betfair Bet ID 1:420602823821,Back,2.44,60.72, -- , 87.44 ,Won
04-Mar-26 17:58:58,04-Mar-26 18:26:39,CSKA Sofia v Botev Vratsa Under 1.5 Goals-Over/Under 1.5 Goals | Betfair Bet ID 1:420602823822,Back,2.44,1.61, -- , 2.32 ,Won
04-Mar-26 17:59:20,04-Mar-26 18:26:38,CSKA Sofia v Botev Vratsa Under 2.5 Goals-Over/Under 2.5 Goals | Betfair Bet ID 1:420602868467,Lay,1.20,6.08, 1.22 , -1.22 ,Lost
04-Mar-26 18:08:05,04-Mar-26 18:26:38,CSKA Sofia v Botev Vratsa Under 2.5 Goals-Over/Under 2.5 Goals | Betfair Bet ID 1:420604127011,Lay,1.10,200.00, 20.00 , -20.00 ,Lost
